id, label
1,Assistantes sociales
2,Assistants
3,"Assistants familiaux, maternels et sociaux"
4,Assistants techniques
5,Association concertée pour le développement de l'Afrique (ACDA)
6,Association des maires de France
7,Association française pour l'étiquetage d'information (AFEI)
8,Association nationale pour le développement agricole (ANDA)
9,Association nationale pour le développement des Antilles et de la Guyane (ANDAG)
10,Association of south east asian nations (ASEAN)
11,Association pour l'emploi des cadres (APEC)
12,Association pour l'enseignement des étrangers (AEE)
13,Association pour la formation professionnelle des adultes (AFPA)
14,Association pour la gestion de la structure financière (ASF)
15,Association pour le sport scolaire et universitaire (ASSU)
16,Associations
17,Associations agréées de pêche et de pisciculture (AAPP)
18,Associations culturelles
19,Associations de consommateurs
20,Associations de gestion agréées
21,Associations de restauration immobilière (ARIM)
22,Associations départementales pour l'aménagement des structures des exploitations agricoles (ADASEA)
23,Associations familiales rurales
24,Associations foncières
25,Associations pour l'emploi dans l'industrie et le commerce (ASSEDIC)
26,Associations religieuses
27,Associations syndicales
28,Assurance
29,Assurance accidents
30,Assurance chômage
31,Assurance construction
32,Assurance décès
33,Assurance invalidité
34,Assurance invalidité et dépendance
35,Assurance maladie
36,Assurance maladie et maternité
37,Assurance maladie maternité
38,Assurance maternité
39,Assurance personnelle
40,Assurance pour comptes communs
41,Assurance veuvage
42,Assurance vie
43,Assurance vieillesse
44,Assurance volontaire
45,Assurances
46,Assurances automobiles
47,Assurances complémentaires
48,Assurances sociales
49,Assurances sociales agricoles
50,Assurances sociales des non salariés non agricoles
51,Astreintes
52,Ateliers
53,Ateliers flexibles
54,Ateliers protégés
55,Ateliers technologiques
56,Athéisme
57,Athlétisme
58,Attachés agricoles
59,Attachés communaux
60,Attachés d'administration
61,Attachés d'ambassade
62,Attentats
63,Audiovisuel
64,Australie
65,Auteurs et compositeurs
66,Auto-écoles
67,Auto-stop
68,Autofinancement
69,Autogestion
70,Automatisation
71,Automobiles
72,Autopsie
73,Autorisations de programme
74,Autorité parentale
75,Autoroutes
76,Autoroutes de l'information
77,Autriche
78,Auvergne
79,Auxiliaires
80,Auxiliaires de justice
81,Auxiliaires de vie
82,Auxiliaires médicaux
83,Avalanches
84,Avancement
85,Avantages en nature
86,Avantages sociaux
87,Aveugles
88,Aviation
89,Aviation civile
90,Aviation légère et sportive
91,Aviation militaire
92,Aviculture
93,Avions
94,Aviron
95,Avocats
96,Avoir fiscal
97,Avortement
98,Avoués
99,Azerbaïdjan
100,Bac
101,Baccalauréat
102,Bactériologie
103,Bahamas
104,Balance des paiements
105,Balcons
106,Baleines
107,Balkans
108,Ball-trap
109,Bals publics
110,Banlieues
111,Banque
112,Banque de France
113,Banque européenne d'investissement (BEI)
114,Banque française des yeux
115,Banques
116,Banques de données
117,Banques et établissements financiers
118,Barbecues
119,Abattement
120,Abattoirs
121,Abeilles
122,Abonnements
123,Abou Dhabi
124,Abris antinucléaires
125,Absence
126,Absentéisme
127,Abstentionnisme
128,Académie
129,Accession à la propriété
130,Accidents
131,Accidents de la circulation
132,Accidents de trajet
133,Accidents domestiques
134,Accidents du travail
135,Accidents du travail et maladies professionnelles
136,Accidents nucléaires
137,Accises
138,Accords
139,Accords d'Évian
140,Accords d'Helsinki
141,Accords de Schengen
142,Acier
143,Acompte
144,Acte unique européen
145,Actes administratifs
146,Actes authentiques
147,Actes de commerce
148,Acteurs
149,Action en justice
150,Action humanitaire
151,Action publique
152,Action sanitaire et sociale
153,Action sociale
154,Actionnariat
155,Actions
156,Acupuncture
157,Adductions d'eau
158,Adjoints
159,Adjoints d'enseignement
160,Adjoints techniques municipaux
161,Adjudications
162,Administrateurs
163,Administrateurs civils
164,Administrateurs de biens
165,Administrateurs judiciaires
166,Administration
167,Administration (organisation)
168,Administration (relations avec le public)
169,Administration pénitentiaire
170,Administrations économiques
171,Administrations financières
172,Adoption
173,Aéroclubs
174,Aérodromes
175,Aéronautique (militaire)
176,Aéroports
177,Aérospatiale
178,Aérotrain
179,Affaires culturelles
180,Affaires étrangères
181,Affaires étrangères (ministère des)
182,Affaires européennes (ministère des)
183,Affaires sociales (ministère des)
184,Affichage
185,Affichage d'opinion
186,Affiliation
187,Affouage
188,Affrètement
189,Afghanistan
190,Aflatoxine
191,Afrique
192,Afrique du Nord
193,Afrique du Sud
194,Afrique équatoriale Française (AEF)
195,Agence centrale des organismes de sécurité sociale (ACOSS)
196,Agence d'évaluation technologique
197,Agence d'information des entreprises
198,Agence de l'informatique (ADI)
199,Agence française pour la maîtrise de l'énergie (AFME)
200,Agence France-Presse (AFP)
201,Agence internationale de l'énergie
202,Agence nationale de valorisation de la recherche (ANVAR)
203,Agence nationale pour l'amélioration de l'habitat (ANAH)
204,Agence nationale pour l'amélioration des conditions de travail (ANACT)
205,Agence nationale pour l'emploi (ANPE)
206,Agence nationale pour l'indemnisation des Français d'outre-mer (ANIFOM)
207,Agence nationale pour la création d'entreprises
208,Agence nationale pour la récupération et l'élimination des déchets (ANRED)
209,Agence pour l'enseignement français à l'étranger
210,Agence pour l'enseignement français à l'étranger (AEFE)
211,"Agence pour la coopération technique, industrielle et économique (ACTIM)"
212,Agence pour la qualité de l'air
213,Agence pour les applications de l'informatique
214,Agence pour les économies d'énergie
215,Agence spatiale européenne
216,Agences d'information des entreprises
217,Agences de bassin
218,Agences de travail temporaire
219,Agences de voyage
220,Agences immobilières
221,Agences matrimoniales
222,Agents communaux
223,Agents contractuels
224,Agents d'assurances
225,Agents de change
226,Agents de l'État
227,Agents de maîtrise
228,Agents de sécurité et gardiennage
229,Agents des collectivités locales
230,Agents électoraux
231,Agents immobiliers
232,Agents non titulaires
233,Agents publics
234,Agents techniques communaux
235,Agglomérations
236,Agréés
237,Agréés en architecture
238,Agrégation
239,Agrément
240,Agriculture
241,Agriculture (ministère de l')
242,Agriculture biologique
243,Agronomie
244,Agrumes
245,Aide à domicile
246,Aide à l'enfance
247,Aide à la scolarité
248,Aide alimentaire
249,Aide au logement
250,Aide aux pays en voie de développement
251,Aide complémentaire
252,Aide familiale
253,Aide fiscale à l'investissement
254,Aide humanitaire
255,Aide judiciaire
256,Aide juridictionnelle
257,Aide parentale d'éducation (APE)
258,Aide personnalisée au logement (APL)
259,Aide sociale
260,Aide sociale à l'enfance (ASE)
261,Aide spéciale compensatrice
262,Aide spéciale en montagne
263,Aide spéciale rurale
264,Aide-soignants
265,Aides au logement
266,Aides aux victimes
267,Aides familiales
268,Aides ménagères
269,Aides publiques
270,Aides-soignants
271,Air France
272,Air Inter
273,Airbus
274,Aisne
275,Albanie
276,Alcoolisme
277,Alcools
278,Alcools (droits sur les)
279,Alcootest
280,Algérie
281,Aliénés
282,Aliments
283,Aliments du bétail
284,Aliments pour animaux
285,Allaitement
286,Allemagne
287,Allocation adulte handicapé
288,Allocation aux handicapés majeurs
289,Allocation aux mineurs handicapés
290,Allocation compensatrice
291,Allocation d'éducation spéciale
292,Allocation de compensation
293,Allocation de parent isolé
294,Allocation de perte d'emploi
295,Allocation de remplacement
296,Allocation de soutien familial (ASF)
297,Allocation logement
298,Allocation pour frais de garde
299,Allocation scolaire
300,Allocation spéciale de décès
301,Allocation vieillesse
302,Allocations
303,Allocations aux handicapés
304,Allocations aux orphelins
305,Allocations de chômage
306,Allocations familiales
307,Allocations prénatales
308,Alsace
309,Alsace et Lorraine
310,Alsace-Moselle
311,Aluminium
312,Amateurisme
313,Ambassades et consulats
314,Ambulances
315,Amélioration de l'habitat
316,Aménagement du temps
317,Aménagement du temps de travail
318,Aménagement du territoire
319,Aménagement du territoire (ministère de l')
320,Aménagement rural
321,Amendes
322,Amérique centrale
323,Amérique latine
324,Amiante
325,Amibiase
326,Amnistie
327,Amoco Cadiz
328,Amortissements
329,Anciens combattants
330,Anciens combattants (ministère des)
331,Anciens combattants (secrétariat d'État aux)
332,Anciens combattants et victimes de guerre
333,Andorre
334,Angola
335,Animateurs
336,Animaux
337,Animaux nuisibles
338,Annuaires
339,Anonymat
340,Antarctique
341,Antibiotiques
342,Antilles
343,Apiculture
344,Appareillage
345,Appariteurs
346,Appellations d'origine contrôlée (AOC)
347,Apprentissage
348,Aquaculture
349,Arabie Saoudite
350,Arboriculture
351,Archéologie
352,Architectes
353,Architecture
354,Archives
355,Argentine
356,Armateurs
357,Armée
358,Armée privée
359,Armement
360,Armement nucléaire et atomique
361,Arménie
362,Armes
363,Armes et armement
364,Armes et munitions
365,Armistice
366,Arsenaux
367,Arsenic
368,Artisanat
369,Artisans
370,Artistes
371,Arts
372,Arts et spectacles
373,Ascenseurs
374,Asie
375,Asie du Sud-Est
376,Assemblée des Français de l'étranger
377,Assemblée nationale
378,Assistance
379,Assistance à personne en danger
380,Assistance publique
381,Assistantes maternelles
382,Barèmes
383,Barges
384,Barrages
385,Bases de données
386,Bassins d'emplois
387,Bassins miniers
388,Bateaux
389,Bateaux mouches
390,Bateliers
391,Batellerie
392,Bâtiment
393,Bâtiment et travaux publics
394,Bâtiments
395,Bâtiments agricoles
396,Bâtiments d'exploitation
397,Baux commerciaux
398,Baux de locaux à usage professionnel
399,Baux de locaux d'habitation
400,Baux ruraux
401,Beaubourg
402,Beaux-arts
403,Belgique
404,Bénéfices
405,Bénéfices (imposition des)
406,Bénéfices agricoles
407,Bénéfices industriels et commerciaux (BIC)
408,Bénéfices non commerciaux (BNC)
409,Bénéfices réels
410,Bénévolat
411,Bénin
412,BEPC
413,Bétail
414,Béton
415,Betteraves
416,Beurre
417,Bibliobus
418,Bibliothécaires-documentalistes
419,Bibliothèque nationale
420,Bibliothèques
421,Bibliothèques et médiathèques
422,Bicentenaire
423,Clause de réserve de propriété
424,Clause pénale
425,Clauses abusives
426,Clauses de métiers
427,Clergé
428,Climat
429,Cliniques
430,Clipperton
431,Cloîtres
432,Clubs de santé
433,Clubs Microtel
434,Cocardes tricolores
435,Code civil
436,Code de déontologie
437,Code de l'urbanisme
438,Code de la construction
439,Code de la coopération
440,Code de la route
441,Code de la Sécurité Sociale
442,Code de procédure civile
443,Code de procédure pénale
444,Code des communes
445,Code des douanes
446,Code des marchés publics
447,Code des pensions
448,Code des pensions civiles et militaires de retraite
449,Code des postes et télécommunications
450,Code du travail
451,Code électoral
452,Code forestier
453,Code général des impôts (CGI)
454,Code militaire
455,Code minier
456,Code pénal
457,Biélorussie
458,Biens communaux
459,Biens culturels
460,Biens d'équipement
461,Biens d'occasion
462,Biens de consommation
463,Biens meubles et immeubles
464,Biens professionnels
465,Biens usagés
466,Bière
467,Bière et brasserie
468,Bijouterie et joaillerie
469,Bilan de santé
470,Bilan social
471,Bilans
472,Billets à ordre
473,Billets de banque
474,Bio-électronique
475,Bio-industrie
476,Biocarburants
477,Bioéthique
478,Biologie
479,Biologie géologie
480,Biologie médicale
481,Biomasse
482,Biotechnologie
483,Biotechnologies
484,Birmanie
485,Blé
486,Blessés
487,Blessés de guerre
488,Blocage des prix
489,Bocage
490,Bois
491,Bois et forêts
492,Boissons
493,Boissons alcoolisées
494,Boissons non alcoolisées
495,Boîtes à lettres
496,Bolivie
497,Bombardiers d'eau
498,Bombe à neutrons
499,Bonifications
500,Bonneterie
501,Bons de capitalisation
502,Bons du trésor
503,Bonus-malus
504,Bornes hectométriques
505,Bosnie
506,Bosnie-Herzégovine
507,Boucherie
508,Boucherie-charcuterie
509,Bouilleurs de cru
510,Boulangerie
511,Boulangerie-pâtisserie
512,Boulonnerie
513,Bourgogne
514,Bourgs
515,Bourses
516,Bourses d'échange
517,Bourses d'études
518,Bourses de commerce
519,Bourses des valeurs
520,Bouteilles et flacons
521,Bovins
522,Boycottage
523,Braille
524,Brasserie
525,Brebis
526,Brésil
527,Bretagne
528,Brevet d'aptitude aux fonctions d'animateur (BAFA)
529,Brevet d'études professionnelles (BEP)
530,Brevet de maîtrise
531,Brevets
532,Brevets d'enseignement professionnel (BEP)
533,Brevets de technicien supérieur (BTS)
534,Brevets et inventions
535,Brocante
536,Brucellose
537,Bruit
538,Bûcherons
539,Budget
540,Budget (ministère du)
541,Budget annexe des prestations sociales agricoles (BAPSA)
542,Budget social
543,Bulgarie
544,Bulletin officiel
545,Bulletin officiel de l'éducation nationale
546,Bulletin officiel de la concurrence et de la consommation
547,Bulletins municipaux
548,Bureau d'aide sociale
549,Bureau de recherches géologiques et minières (BRGM)
550,Bureau de vérification de la publicité (BVP)
551,Bureau européen des Unions des consommateurs (BEUC)
552,Bureau international du travail (BIT)
553,Bureautique
554,Bureaux
555,Bureaux d'études
556,Burundi
557,Cabinets ministériels
558,Câblage
559,Câble
560,Câbles
561,Câbles sous-marins
562,Cachalots
563,Cadastre
564,Cadres
565,Caducité
566,Café
567,Cailles
568,Caisse autonome de retraite des médecins français (CARMF)
569,Caisse autonome nationale de compensation de l'assurance vieillesse artisanale (CANCAVA)
570,Caisse d'aide à l'équipement des collectivités locales (CAECL)
571,Caisse des dépôts et consignations
572,Caisse nationale d'assurance maladie des travailleurs salariés
573,Caisse nationale d'assurance vieillesse des travailleurs salariés (CNAVTS)
574,Caisse nationale d'assurance-maladie (CNAM)
575,Caisse nationale de l'énergie
576,Caisse nationale de prévoyance (CNP)
577,Caisse nationale de prévoyance du personnel des organismes sociaux et similaires (CNPPOSS)
578,Caisse nationale de retraite des agents des collectivités locales (CNRACL)
579,Caisse nationale des marchés de l'État (CNME)
580,Caisse régionale d'assurance-maladie (CRAM)
581,Caisses d'allocations familiales
582,Caisses d'épargne
583,Caisses de retraite
584,Caisses de sécurité sociale
585,Caisses primaires d'assurance-maladie (CPAM)
586,Calamités
587,Calamités agricoles
588,Calendrier scolaire
589,Calvados
590,Cambodge
591,Cambriolages
592,Cameroun
593,Camp militaire
594,Campagne double
595,Campagnes électorales
596,Campagnols
597,Camping caravaning
598,Camps d'internement
599,Canada
600,Canadair
601,Canal Plus
602,Canaries
603,Canaux
604,Cancer
605,Cantines
606,Cantines scolaires
607,Cantons
608,Capital social
609,Capital-décès
610,Capitaux
611,Caprins
612,Carbone
613,Carburants
614,Carburants (taxe sur les)
615,Carburol
616,Cardiologie
617,Carnet de santé
618,Carnets de ventes
619,Carpentras
620,Carrières
621,"Carte ""station debout pénible"""
622,Carte d'identité
623,Carte d'identité professionnelle
624,Carte d'invalidité
625,Carte de priorité
626,Carte de réduction
627,Carte de travail
628,Carte du combattant
629,Carte grise
630,Carte médicale d'urgence
631,Carte orange
632,Carte pédologique
633,Carte professionnelle
634,Carte sanitaire
635,Carte scolaire
636,Carte universitaire
637,Carte vermeil
638,Carte verte
639,Carte Vitale
640,Cartes bancaires
641,Cartes bancaires et de crédit
642,Cartes d'abonnement
643,Cartes de crédit
644,Cartes de séjour
645,Cartes électorales
646,Cartes hebdomadaires
647,Cartes IPSO
648,Cartes magnétiques
649,Cartographie
650,Cartons et cartonniers
651,Casernes
652,Casier judiciaire
653,Casinos
654,Casques
655,Catastrophes naturelles
656,Catéchèse
657,Catéchisme
658,Catégories socio-professionnelles
659,Cathédrales
660,Cautionnement
661,Cécité
662,Ceinture de sécurité
663,Célibataires
664,Censure
665,Centime fiscal
666,Centimes additionnels
667,Centrafrique
668,Centrales
669,Centrales à bois
670,Centrales d'achat
671,Centrales électriques
672,Centrales hydrauliques
673,Centrales nucléaires
674,Centrales polyfluides
675,Centrales solaires
676,Centrales thermiques
677,Centre d'enregistrement et de révision des formulaires administratifs (CERFA)
678,Centre d'études des revenus et des coûts (CERC)
679,Centre d'études des systèmes et des technologies avancées (CESTA)
680,Centre d'études et de liaison des intérêts bretons (CELIB)
681,Centre d'études et de recherches atmosphériques
682,Centre d'études et de recherches géodynamiques et astronomiques (CERGA)
683,Centre d'études et de recherches nucléaires
684,Centre d'études et de recherches sur les qualifications (CEREQ)
685,Centre d'information et de documentation de la jeunesse (CIDJ)
686,Centre d'information sur la régulation des naissances (CIRN)
687,Centre de linguistique appliquée
688,Centre de préformation d'adultes
689,Centre de veille et de secours
690,Centre européen de recherche nucléaire (CERN)
691,Centre français du commerce extérieur (CFCE)
692,Centre Georges Pompidou
693,Centre interministériel de renseignements administratifs (CIRA)
694,Centre mondial informatique et ressources humaines (CMIRH)
695,Centre national d'enseignement à distance (CNED)
696,Centre national d'étude et de recherche du paysage (CNERP)
697,Centre national d'études et d'expérimentation du machinisme agricole (CNEEMA)
698,Centre national d'études par correspondance (CNEC)
699,Centre national de documentation pédagogique (CNDP)
700,Centre national de la cinématographie
701,Centre national de la recherche agronomique (CNRA)
702,Centre national de la recherche scientifique (CNRS)
703,Centre national de télé-enseignement (CNTE)
704,Centre national des arts et métiers (CNAM)
705,Centre national des caisses d'épargne et de prévoyance (CENCEP)
706,Centre national des études spatiales (CNES)
707,Centre national pour l'exploitation des océans (CNEXO)
708,Centre technique du génie rural des eaux et forêts (CTGREF)
709,Centre technique interprofessionnel des fruits et légumes (CTIFL)
710,Centres agréés
711,Centres culturels
712,Centres d'action culturelle
713,Centres d'aide par le travail (CAT)
714,Centres d'art dramatique
715,Centres d'entraînement aux méthodes d'éducation active (CEMEA)
716,Centres d'études techniques de l'équipement (CETE)
717,Centres d'hébergement
718,Centres d'hébergement et de réinsertion sociale
719,Centres d'information et d'orientation (CIO)
720,Centres d'information et de relations publiques
721,Centres d'information et de vulgarisation pour l'agriculture et le milieu rural (CIVAM)
722,Centres d'information jeunesse
723,Centres d'interruption de grossesse
724,Centres de formation
725,Centres de formation des apprentis (CFA)
726,Centres de formation pédagogique
727,Centres de formation professionnelle des adultes (CFPA)
728,Centres de gestion
729,Centres de gestion agréés
730,Centres de loisirs
731,Centres de long séjour
732,Centres de moyen séjour
733,Centres de postcure
734,Centres de pré-orientation
735,Centres de rééducation
736,Centres de santé
737,Centres de secours
738,Centres de soins
739,Centres de traitement de jour
740,Centres de vacances
741,Centres dramatiques nationaux
742,Centres éducatifs et culturels
743,Centres équestres
744,Centres hospitaliers universitaires (CHU)
745,Centres médicaux
746,Centres médico-psycho-pédagogiques (CMPP)
747,Centres musicaux ruraux
748,Centres psychothérapiques
749,Centres régionaux d'éducation physique et sportive (CREPS)
750,Centres régionaux de gestion
751,Centres régionaux des oeuvres universitaires et scolaires (CROUS)
752,Centres sociaux
753,Centres sociaux et familiaux
754,Centres techniques régionaux de la consommation
755,Cépages
756,Céramique
757,Cercles militaires
758,Cercles ruraux
759,Céréales
760,Cérémonies officielles
761,Cérémonies publiques
762,Cérémonies publiques et fêtes légales
763,Certificat d'aptitude à l'enseignement physique et sportif (CAPEPS)
764,Certificat d'aptitude pédagogique à l'enseignement secondaire (CAPES)
765,Certificat d'aptitude pédagogique à l'enseignement technique (CAPET)
766,Certificat d'aptitude professionnelle (CAP)
767,Certificat d'études primaires (CEP)
768,Certificat d'urbanisme
769,Certificat de formation
770,Certificat de non-imposition
771,Certificat de qualification
772,Certificat de travail
773,Certificats d'importation
774,Certificats d'urbanisme
775,Certificats de conformité
776,Certificats de patente
777,CES
778,Cessation d'activité
779,Cession
780,Cession de biens
781,Cession de droits
782,Cessions
783,Cessions immobilières
784,Chambres consulaires
785,Chambres d'agriculture
786,Chambres d'hôtes
787,Chambres de commerce
788,Chambres de commerce et d'industrie
789,Chambres de métiers
790,Chambres des métiers
791,Chambres régionales des comptes
792,Champagne
793,Champagne-Ardenne
794,Champignons
795,Changes
796,Chanson
797,Chant
798,Chantiers
799,Chantiers navals
800,Charbon
801,Charbonnages
802,Charbonnages de France (CDF)
803,Charges
804,Chargés de mission
805,Charges sociales
806,Charte sociale européenne
807,Chasse
808,Chasse et pêche
809,Châtaigniers
810,Châteaux
811,Châteaux d'eau
812,Chauffage
813,Chauffage électrique
814,Chaufferies
815,Chaussures
816,Chef de famille
817,Chefs d'entreprises
818,Chefs d'établissements
819,Chefs d'établissements scolaires
820,Chefs de districts forestiers
821,Cheminots
822,Chemins de fer
823,Chemins de halage
824,Chemins de randonnée
825,Chemins ruraux
826,Chemins vicinaux
827,Chênes
828,Cheptel
829,Chèque emploi service universel
830,Chèque-restaurant
831,Chèques
832,Chèques postaux
833,Chèques vacances
834,Chèques-restaurant
835,Chevaux
836,Chèvres
837,Chiens
838,Chiffre d'affaires
839,Chili
840,Chimie
841,Chine
842,Chinois
843,Chiropractie
844,Chirurgie
845,Chirurgiens
846,Chirurgiens-dentistes
847,Chocolat
848,Chômage
849,Chômage partiel
850,Chômeurs
851,Chypre
852,Cidre
853,Cigarettes
854,Ciment
855,Cimetières
856,Cinéma
857,Cinéma et théâtre
858,Cinémathèque
859,Circonscriptions électorales
860,Circuits intégrés
861,Circulaires
862,Circulation routière
863,Cirque
864,Citernes
865,Cités judiciaires
866,Cités universitaires
867,Citizen-band
868,Citroën
869,Civisme
870,Classe unique
871,Classes de mer
872,Classes de nature
873,Classes de neige
874,Classes moyennes
875,Classes transplantées
876,Classes vertes
877,Créances commerciales
878,Créances et dettes
879,Crèches et garderies
880,Crédirentiers
881,Crédit
882,Crédit agricole
883,Crédit d'équipement des petites et moyennes entreprises
884,Crédit d'impôt-recherche
885,Crédit foncier de France
886,Crédit maritime
887,Crédit municipal
888,Crédit mutuel
889,Crédit-bail
890,Crédits
891,Crédits budgétaires
892,Crémation
893,Créole
894,Crète
895,Crimes contre l'humanité
896,Crimes de guerre
897,"Crimes, délits et contraventions"
898,Cristalleries
899,Croatie
900,Croissance
901,Croix-Rouge
902,Crustacés
903,Cryogénie
904,Cuba
905,"Cuirs, peaux et fourrures"
906,Cuivre
907,Cultes
908,Culture
909,Culture (ministère de la)
910,Cultures régionales
911,Cumul
912,Cumul des mandats
913,Cumuls
914,Cuniculiculture
915,Cures thermales
916,Cycles
917,Cycles et motocycles
918,Cyclisme
919,Cyclones
920,Cyclotourisme
921,Cyclotron
922,Dakar
923,Daltoniens
924,Danemark
925,Danse
926,Danube
927,Dauphins
928,Débats et conférences
929,Débits de boisson et de tabac
930,Débroussaillage
931,Décentralisation
932,Décentralisation industrielle
933,Décès
934,Déchéances et incapacités
935,Déchets
936,Décisions judiciaires
937,Déclaration d'utilité publique
938,Déclarations
939,Déclarations publiques
940,Déconcentration
941,Déconcentration administrative
942,Décorations et médailles
943,Décote spéciale
944,Décrets
945,Décrets et arrêtés
946,Déduction fiscale
947,Déductions
948,Défense
949,Défense (droits de la)
950,Défense (ministère de la)
951,Défense civile
952,Défense nationale
953,Défrichement
954,Délais de paiement
955,Délais de recours
956,Codes
957,Codes et codification
958,Coefficient d'occupation des sols (COS)
959,Cognac
960,Coiffure
961,Coke
962,Colle
963,Collectes et dons
964,Collectionneurs
965,Collectivités locales
966,Collectivités publiques
967,Collèges
968,Collèges d'enseignement général (CEG)
969,Collèges d'enseignement secondaire (CES)
970,Collèges d'enseignement technique (CET)
971,Collèges militaires
972,Collèges nationalisés
973,Colombie
974,Colonies
975,Colonies de vacances
976,Colorants
977,Colza
978,Combattants
979,Combustibles
980,Comité central de coordination de l'apprentissage (CCCA)
981,Comité de liaison et de coordination des services sociaux
982,Comité interministériel d'aménagement du territoire (CIAT)
983,Comité interministériel de restructuration industrielle (CIRI)
984,Comité interministériel des services sociaux
985,Comité interministériel pour l'aménagement des structures industrielles (CIASI)
986,Comité national et olympique français
987,Comité national olympique et sportif français
988,Comité régional de restructuration industrielle (CORRI)
989,Comités d'entreprise
990,Comités d'hygiène et de sécurité
991,Comités d'oeuvres sociales
992,Comités d'usagers
993,Comités de bassin
994,Comités de lecture
995,Comités départementaux d'examen des problèmes de financement des entreprises (CODEFI)
996,Comités départementaux de promotion de l'emploi
997,Comités départementaux des services publics
998,Comités des fêtes
999,Comités économiques et sociaux
1000,Comités économiques et sociaux régionaux (CESR)
1001,Comités locaux de l'emploi
1002,Comités professionnels de développement économique
1003,Comités régionaux de l'audiovisuel
1004,Comités régionaux de tourisme
1005,Comités techniques des transports
1006,Comités techniques paritaires
1007,Commémorations
1008,Commerçants
1009,Commerçants et artisans
1010,Commerce
1011,Commerce électronique
1012,Commerce et artisanat
1013,Commerce et artisanat (ministère)
1014,Commerce extérieur
1015,Commerce international
1016,Commissaires aux comptes
1017,Commissaires de la République
1018,Commissaires enquêteurs
1019,Commissaires-priseurs
1020,Commissariat à l'énergie atomique (CEA)
1021,Commissariat général au Plan
1022,Commissariats
1023,Commission communale des impôts
1024,Commission consultative nationale
1025,Commission d'accès aux documents administratifs (CADA)
1026,Commission d'aide aux riverains
1027,Commission d'information budgétaire et fiscale
1028,Commission Dautresme
1029,Commission départementale
1030,Commission départementale d'accessibilité
1031,Commission départementale d'aménagement foncier
1032,Commission des opérations de bourse (COB)
1033,Commission du bilan
1034,Commission locale d'aménagement et d'urbanisme (CLAU)
1035,Commission nationale de l'informatique et des libertés (CNIL)
1036,Commission nationale de la communication et des libertés (CNCL)
1037,Commissionnaires de presse
1038,Commissionnaires en douanes
1039,Commissionnaires et courtiers
1040,Commissions
1041,Commissions ad hoc
1042,Commissions d'enquête et de contrôle
1043,Commissions de sécurité
1044,Commissions départementales d'urbanisme commercial
1045,Commissions parlementaires
1046,Commissions techniques d'orientation et de reclassement professionnel (COTOREP)
1047,Communauté des États indépendants (CEI)
1048,Communauté économique européenne (CEE)
1049,Communauté européenne du charbon et de l'acier (CECA)
1050,Communautés de communes
1051,Communautés européennes
1052,Communautés urbaines et districts
1053,Communes
1054,Communes fusionnées
1055,Communes rurales
1056,Communication
1057,Communication (ministère de la)
1058,Comores
1059,Compagnie d'aménagement des côteaux de Gascogne
1060,Compagnie des signaux d'entreprise électrique (CSEE)
1061,Compagnie française d'assurances pour le commerce extérieur (COFACE)
1062,Compagnie générale d'électricité (CGE)
1063,Compagnie générale de construction téléphonique (CGCT)
1064,Compagnie générale de radiologie
1065,Compagnie générale des matières nucléaires (COGEMA)
1066,Compagnie générale maritime
1067,Compagnie nationale du Rhône (CNR)
1068,Compagnies régionales d'aménagement rural
1069,Compagnies républicaines de sécurité (CRS)
1070,Compensation démographique
1071,Compensation fiscale
1072,Compétitions
1073,Complément familial
1074,Comptabilité
1075,Comptabilité nationale
1076,Comptabilité publique
1077,Comptabilité publique (direction de la)
1078,Comptables
1079,Compte épargne énergie
1080,Compte pour le développement industriel (CODEVI)
1081,Compte retraite
1082,Comptes bancaires
1083,Comptes bloqués
1084,Comptes chèques postaux (CCP)
1085,Comptes courants
1086,Comptes d'épargne en actions
1087,Comptes joints
1088,Concessions
1089,Conchyliculture
1090,Concierges
1091,Conciliateurs
1092,Concordat
1093,Concorde
1094,Concours
1095,Concours général des lycées et collèges
1096,Concours hippiques
1097,Concubinage
1098,Concurrence
1099,Concurrence déloyale
1100,Conditionnement
1101,Confection
1102,Confédération helvétique
1103,Confédération syndicale du cadre de vie
1104,Conférence de Belgrade
1105,Conférence de Genève
1106,Conférence de Madrid
1107,Conférence de presse
1108,Conférence des Nations Unies pour le commerce et le développement (CNUCED)
1109,Conférence sur la sécurité et la coopération en Europe (CSCE)
1110,Conférences
1111,Conférences internationales
1112,Confitures
1113,Conflits des lois
1114,Conflits du travail
1115,Congé parental
1116,Congé postnatal
1117,Congé prénatal
1118,Congés
1119,Congés de maladie
1120,Congés de maternité
1121,Congés payés
1122,Congés pour études
1123,Congés scolaires
1124,Congo
1125,Congrégations religieuses
1126,Congrès
1127,Conjoints
1128,Conjoncture
1129,Conjoncture économique
1130,Conseil constitutionnel
1131,Conseil d'État
1132,Conseil d'hygiène
1133,Conseil de l'Europe
1134,Conseil des ministres
1135,Conseil économique et social
1136,"Conseil économique, social et environnemental (CESE)"
1137,Conseil national de la communication audiovisuelle
1138,Conseil national des personnes handicapées
1139,Conseil national du crédit
1140,Conseil national du patronat français (CNPF)
1141,Conseil supérieur de l'aide sociale
1142,Conseil supérieur de l'audiovisuel
1143,Conseil supérieur de la fonction publique
1144,Conseil supérieur de la pêche
1145,Conseil supérieur des corps universitaires
1146,Conseil supérieur des Français de l'étranger (CSFE)
1147,Conseil supérieur des professions sociales
1148,Conseil supérieur du pétrole
1149,Conseillères en économie familiale et sociale
1150,Conseillères sociales
1151,Conseillers commerciaux
1152,Conseillers d'éducation
1153,Conseillers d'orientation
1154,Conseillers fiscaux
1155,Conseillers généraux
1156,Conseillers municipaux
1157,Conseillers pédagogiques
1158,Conseillers référendaires
1159,Conseillers régionaux
1160,Conseillers techniques
1161,Conseillers techniques sportifs
1162,Conseils d'administration
1163,"Conseils d'architecture, d'urbanisme et d'environnement (CAUE)"
1164,Conseils d'école
1165,Conseils d'établissement
1166,Conseils d'université
1167,Conseils de classe
1168,Conseils de fabrique
1169,Conseils de prud'hommes
1170,Conseils et conseillers généraux
1171,Conseils et conseillers municipaux
1172,Conseils et conseillers régionaux
1173,Conseils généraux
1174,Conseils juridiques
1175,Conseils municipaux
1176,Conseils régionaux
1177,Conservatoire du littoral
1178,Conservatoire national des arts et métiers (CNAM)
1179,Conservatoires
1180,Conserveries
1181,Consommateur (protection du)
1182,Consommation
1183,Constitution
1184,Construction
1185,Construction navale
1186,Constructions
1187,Constructions scolaires
1188,Contentieux
1189,Contentieux administratif
1190,Contentieux des pensions
1191,Contentieux fiscal
1192,Contingent
1193,Contraception
1194,Contractuels
1195,Contrainte foncière
1196,Contrat
1197,Contrat d'assurance
1198,Contrat de mariage
1199,Contrat emploi solidarité (CES)
1200,Contrat emploi-formation
1201,Contrat initiative emploi (CIE)
1202,Contrats
1203,Contrats d'apprentissage
1204,Contrats d'association
1205,Contrats d'assurances
1206,Contrats d'entreprises
1207,Contrats d'intégration
1208,Contrats de pays
1209,Contrats de plan
1210,Contrats de solidarité
1211,Contrats de travail
1212,Contraventions de police
1213,Contre-plaqué
1214,Contrefaçon
1215,Contribution de solidarité
1216,Contribution sociale généralisée (CSG)
1217,Contrôle
1218,Contrôle des changes
1219,Contrôle financier
1220,Contrôle fiscal
1221,Contrôle médical
1222,Contrôle parlementaire
1223,Contrôle technique
1224,Contrôles d'identité
1225,Contrôleurs aériens
1226,Contrôleurs de gestion
1227,Contrôleurs de la protection sociale agricole
1228,Contrôleurs du travail
1229,Convention de Genève
1230,Convention de Lomé
1231,Convention européenne des droits de l'homme
1232,Convention médicale
1233,Conventions
1234,Conventions collectives
1235,Convois exceptionnels
1236,Convoyeurs de fonds
1237,Coopération
1238,Coopération (ministère de la)
1239,Coopération internationale
1240,Coopératives
1241,Coopératives agricoles
1242,Coopératives d'utilisation de matériel agricole (CUMA)
1243,Copropriété
1244,Coquillages
1245,Cordonnerie
1246,Corée
1247,Corée du Nord
1248,Corée du Sud
1249,Corps d'inspection
1250,Corps diplomatique et consulaire
1251,Corps préfectoral
1252,Corse
1253,Cosmétiques
1254,Costa Rica
1255,Côte d'Azur
1256,Côte d'Ivoire
1257,Cotisation sociale de solidarité (CSS)
1258,Cotisations
1259,Cotisations sociales
1260,Cotisations sociales agricoles
1261,Coton
1262,Cour de cassation
1263,Cour de justice des communautés européennes
1264,Cour de sûreté de l'État
1265,Cour des comptes
1266,Cour européenne des droits de l'homme
1267,Cour pénale internationale
1268,Courrier
1269,Courrier électronique
1270,Cours administratives d'appel
1271,Cours d'appel
1272,Cours d'assises
1273,"Cours d'eau, étangs et lacs"
1274,Cours et tribunaux
1275,Cours régionales des comptes
1276,Courses
1277,Courses cyclistes
1278,Courses hippiques
1279,Courtage
1280,Coût de la vie
1281,Coutellerie
1282,Coûts de production
1283,Couture
1284,Couverture maladie universelle (CMU)
1285,Créances
1286,Code rural
1287,Délais fiscaux
1288,Délégation
1289,Délégation à l'aménagement du territoire et à l'action régionale (DATAR)
1290,Délégation générale à la recherche scientifique et technique (DGRST)
1291,Déléguée à la condition féminine
1292,Délégués
1293,Délégués de probation
1294,Délégués départementaux
1295,Délégués départementaux de l'éducation
1296,Délégués du personnel
1297,Délégués rectoraux
1298,Délégués syndicaux
1299,Délibérations
1300,Délinquance
1301,Délocalisation
1302,Demandeurs d'emploi
1303,Déménagement
1304,Démence
1305,Déminage
1306,Démissions
1307,Démocratie
1308,Démographie
1309,Démolitions
1310,Déneigement
1311,Dentifrices
1312,Dépannage
1313,Départements
1314,Départements d'outre-mer (DOM)
1315,Départements et territoires d'outre-mer
1316,Dépendance
1317,Dépenses de fonctionnement
1318,Dépenses médicales
1319,Dépopulation
1320,Femmes fonctionnaires
1321,Fer
1322,Fermage
1323,Fermetures de classes
1324,Ferrailleurs
1325,Festivals
1326,Fêtes
1327,Fêtes légales
1328,Fêtes locales
1329,Feux d'artifice
1330,Fibres de carbone
1331,Fibres optiques
1332,Fichiers
1333,Fièvre jaune
1334,Filiales
1335,Filiation
1336,Films
1337,Financement
1338,Financement des récoltes
1339,Finances locales
1340,Finances publiques
1341,Finlande
1342,Fioul
1343,Fiscalisation
1344,Fiscalité
1345,Fiscalité immobilière
1346,Fleurs et plantes
1347,Fleuves
1348,Flippers
1349,Flore
1350,Fluor
1351,Foie gras
1352,Foires
1353,Foires et marchés
1354,Foncier
1355,Fonction publique
1356,Fonction publique (ministère de la)
1357,Fonction publique (traitements et indemnités)
1358,Fonction publique hospitalière
1359,Fonction publique territoriale
1360,Fonctionnaires
1361,Déportés et internés
1362,Dépôt de garantie
1363,Dépôt légal
1364,Dépôts
1365,Députés
1366,Dératisation
1367,Dermatologie
1368,Des nations unies (ONU)
1369,Désarmement
1370,Déserteurs
1371,Désinfection
1372,Désintoxication
1373,Dessin
1374,Dessin (enseignement du)
1375,Dessinateurs
1376,Détachement
1377,Détecteurs de métaux
1378,Détectives
1379,Détention
1380,Détenus
1381,Détergents
1382,Dette extérieure
1383,Dette publique
1384,Dettes
1385,Dettes internationales
1386,Dévaluation
1387,Développement durable
1388,Déviations
1389,Devises
1390,Devoir de réserve
1391,Diabète
1392,Dialogue Nord-Sud
1393,Dialyse
1394,Dichloro-Diphényl Trichloréthane (DDT)
1395,Dictionnaire
1396,Diététique
1397,Diffamation
1398,Diffusion
1399,Digues
1400,Dimanche
1401,Dimanches et jours fériés
1402,Dioxine
1403,Diplomatie
1404,Diplôme d'études universitaires générales (DEUG)
1405,Diplômes
1406,Diplômes d'études approfondies (DEA)
1407,"Diplômes d'études universitaires, scientifiques et techniques (DEUST)"
1408,Directeurs d'école
1409,Directeurs d'établissements sociaux
1410,Directeurs d'hôpitaux
1411,Direction de la concurrence et de la consommation
1412,Direction de la consommation et de la répression des fraudes
1413,Direction de la surveillance du territoire (DST)
1414,Direction départementale du travail et de l'emploi (DDTE)
1415,Direction des contributions directes
1416,Direction générale de l'armement (DGA)
1417,Direction générale de la concurrence et de la consommation
1418,Direction générale de la sécurité extérieure (DGSE)
1419,Direction générale de la sûreté nationale (DGSN)
1420,Direction générale des impôts
1421,Direction générale des télécommunications (DGT)
1422,Direction opérationnelle des télécommunications du réseau national (DOTRN)
1423,Directions départementales de l'action sanitaire et sociale (DDASS)
1424,Directions départementales de l'agriculture (DDA)
1425,Directions départementales de l'équipement (DDE)
1426,Directions départementales de la jeunesse et des sports
1427,Directions départementales des impôts
1428,Directions interdépartementales de l'industrie
1429,Directions régionales de l'action sanitaire et sociale (DRASS)
1430,Directions régionales des affaires culturelles
1431,Directives et réglementations européennes
1432,Dirigeants sociaux
1433,Discipline militaire
1434,Discipline professionnelle
1435,Discothèques
1436,Discours
1437,Discriminations raciales
1438,Disparitions
1439,Disparus
1440,Dispensaires
1441,Disponibilité
1442,Disques et cassettes
1443,Dissolution
1444,Distillation
1445,Distribution
1446,Districts
1447,Districts urbains
1448,Dividendes
1449,Divorce
1450,Djibouti
1451,Dockers
1452,Doctorat
1453,Documentalistes
1454,Documentation
1455,Documentation française
1456,Documents administratifs
1457,Domaine de la loi
1458,Domaine privé
1459,Domaine public
1460,Domaines (administration des)
1461,Domaines fonciers
1462,Domicile
1463,Dommages de guerre
1464,Dommages-intérêts
1465,Donation-partage
1466,Donations
1467,Donneurs de sang
1468,Dons et legs
1469,Dopage
1470,Dossier social
1471,Dossiers scolaires
1472,Dotation aux jeunes agriculteurs (DJA)
1473,Dotation d'installation
1474,Dotation de développement rural (DDR)
1475,Dotation de solidarité urbaine (DSU)
1476,Dotation générale de décentralisation (DGD)
1477,Dotation globale d'équipement (DGE)
1478,Dotation globale de décentralisation (DGD)
1479,Dotation globale de fonctionnement (DGF)
1480,Dotation particulière de fonctionnement
1481,Douanes
1482,Dragage
1483,Drainage
1484,Drogues
1485,Drogues et stupéfiants
1486,Droit (enseignement du)
1487,Droit administratif
1488,Droit civil
1489,Droit communautaire
1490,Droit d'asile
1491,Droit de bail
1492,Droit de francisation
1493,Droit de préemption
1494,Droit de réponse
1495,Droit de séjour
1496,Droit de vote
1497,Droit des sociétés
1498,Droit du travail
1499,Droit fiscal
1500,Droit international
1501,Droit international privé
1502,Droit interne
1503,Droit local
1504,Droits acquis
1505,Droits civiques
1506,Droits d'accises
1507,Droits d'auteur
1508,Droits d'enregistrement et de timbre
1509,Droits d'inscription
1510,Droits de l'homme
1511,Droits de la femme
1512,Droits de mutation
1513,Droits de place
1514,Droits de succession
1515,Droits de tirage spéciaux (DTS)
1516,Droits des victimes
1517,Droits immobiliers
1518,Dumping
1519,Eau et assainissement
1520,Eaux
1521,Eaux de vie
1522,Eaux et forêts
1523,Eaux minérales
1524,Échec scolaire
1525,Échecs (jeu d')
1526,Échelle indiciaire
1527,Éclairage
1528,Éclairage public
1529,Écluses
1530,École de psychomotricité
1531,École nationale d'administration (ENA)
1532,École nationale de la magistrature (ENM)
1533,École nationale de la marine marchande (ENMM)
1534,École nationale de radio-électricité appliquée (ENREA)
1535,École nationale des travaux publics
1536,École nationale du génie rural des eaux et des forêts
1537,École nationale supérieure des arts et métiers (ENSAM)
1538,École nationale supérieure des Beaux-Arts
1539,École normale nationale d'apprentissage (ENNA)
1540,École supérieure des sciences économiques et commerciales (ESSEC)
1541,Écoles
1542,Écoles d'apprentissage maritime (EAM)
1543,Écoles d'armement
1544,Écoles d'officiers de réserve (EOR)
1545,Écoles de commerce
1546,Écoles de conduite
1547,Écoles maternelles
1548,Écoles militaires
1549,Écoles municipales
1550,Écoles normales
1551,Écoles normales supérieures (ENS)
1552,Écoles primaires
1553,Écologie
1554,Économie
1555,Économie (ministère de l')
1556,Économie et finances (Ministère de l')
1557,Économie sociale
1558,Économies d'énergie
1559,Économiquement faibles
1560,Écoutes téléphoniques
1561,Écrivains
1562,Édition
1563,Éducateurs
1564,Éducation
1565,Éducation (ministère de l')
1566,Éducation civique
1567,Éducation physique et sportive (EPS)
1568,Éducation sexuelle
1569,Éducation spécialisée
1570,Éducation surveillée
1571,Édulcorants
1572,Effectifs scolaires
1573,Effets de commerce
1574,Égalité des sexes et parité
1575,Église (édifices)
1576,Église catholique
1577,Églises
1578,Égouts
1579,Égypte
1580,Élargissement
1581,Élection du président de la République
1582,Élection présidentielle
1583,Élections
1584,Élections cantonales
1585,Élections européennes
1586,Élections législatives
1587,Élections municipales
1588,Élections professionnelles
1589,Élections prud'homales
1590,Élections régionales
1591,Élections scolaires
1592,Élections sénatoriales
1593,Élections sociales
1594,Électricité
1595,Électricité de France (EDF)
1596,Électrification
1597,Électrocardiogrammes
1598,Électromécanique
1599,Électroménager
1600,Électronique
1601,Élevage
1602,Élèves
1603,Élèves-officiers
1604,Elf Aquitaine
1605,Éligibilité
1606,Élimination des déchets
1607,Élus locaux
1608,Emballages
1609,Embargo
1610,Embauches
1611,Émigration et immigration
1612,Émirats arabes unis
1613,Emploi
1614,Emploi (contrats aidés)
1615,Emploi (ministère de l')
1616,Emplois
1617,Emplois (création d')
1618,Emplois de service
1619,Emplois familiaux
1620,Emplois réservés
1621,Employés
1622,Employés de maison
1623,Emprunt obligatoire
1624,Emprunts
1625,Emprunts russes
1626,Endettement
1627,Énergie
1628,Énergie électrique
1629,Énergie géothermique
1630,Énergie hydraulique
1631,Énergie nucléaire
1632,Énergie solaire
1633,Énergies nouvelles
1634,Énergies renouvelables
1635,Enfance
1636,Enfance en danger
1637,Enfance inadaptée
1638,Enfance martyre
1639,Enfants
1640,Enfants à charge
1641,Enfants placés
1642,Engagement
1643,Engagés volontaires
1644,Engrais et amendements
1645,Enquête
1646,Enquêtes
1647,Enquêtes d'utilité publique
1648,Enquêtes et sondages
1649,Enquêtes publiques
1650,Enregistrement
1651,Enseignants
1652,Enseignement
1653,Enseignement adapté
1654,Enseignement agricole
1655,Enseignement artistique
1656,Enseignement commercial
1657,Enseignement élémentaire
1658,Enseignement par correspondance
1659,Enseignement préscolaire
1660,Enseignement primaire
1661,Enseignement privé
1662,Enseignement public
1663,Enseignement religieux
1664,Enseignement secondaire
1665,Enseignement spécial
1666,Enseignement supérieur
1667,Enseignement technique
1668,Enseignement technique (secrétariat d'État)
1669,Enseignement technique et professionnel
1670,Enseignes et préenseignes
1671,Ententes
1672,Entrepôts
1673,Entrepreneurs
1674,"Entrepreneurs de travaux agricoles, ruraux et forestiers (ETARF)"
1675,Entreprise
1676,Entreprises
1677,Entreprises (création et transmission)
1678,Entreprises (petites et moyennes)
1679,Entreprises agricoles
1680,Entreprises de presse
1681,Entreprises de travaux agricoles
1682,Entreprises multinationales
1683,Entreprises nationales
1684,Entreprises nationalisées
1685,Entreprises nouvelles
1686,Entreprises privées
1687,Entreprises publiques
1688,Entreprises unipersonnelles à responsabilité limitée (EURL)
1689,Environnement
1690,Environnement (ministère de l')
1691,Environnement et cadre de vie (ministère de l')
1692,Éoliennes
1693,Épandage
1694,Épargne
1695,Épargne-logement
1696,Épaves
1697,Épidémies
1698,Épidémiologie
1699,Épizootie
1700,Équarrissage
1701,Équidés
1702,Équipement
1703,Équipement (ministère de l')
1704,Équipement hospitalier
1705,Équipement rural
1706,Équipement sanitaire et social
1707,Équipements collectifs
1708,Équipements sanitaires
1709,Équipements sportifs et socio-éducatifs
1710,Équitation
1711,Équivalence
1712,Ergonomie
1713,Ergothérapie
1714,Érosion monétaire
1715,Érythrée
1716,Esclavage moderne
1717,Escroqueries
1718,Espace
1719,Espace (industrie)
1720,Espaces naturels
1721,Espaces verts
1722,Espaces verts et paysages
1723,Espagne
1724,Espagnol
1725,Espéranto
1726,Espionnage
1727,Essais nucléaires
1728,Essence
1729,Estonie
1730,Établissements
1731,Établissements de cure
1732,Établissements de long séjour
1733,Établissements de soins
1734,Établissements de travail protégé
1735,Établissements militaires
1736,Établissements privés d'hospitalisation
1737,Établissements publics
1738,Établissements publics à caractère industriel et commercial (EPIC)
1739,Établissements publics d'hospitalisation
1740,Établissements publics régionaux
1741,Établissements sanitaires et sociaux
1742,Établissements scolaires
1743,Établissements spécialisés
1744,Étangs
1745,État
1746,État civil
1747,État des Salomon
1748,Étatisation
1749,États-Unis
1750,Éthanol
1751,Éthiopie
1752,Éthique
1753,Ethnologie
1754,Étiquetage
1755,Étrangers
1756,Étudiants
1757,Étudiants (assurances sociales)
1758,Euro
1759,Eurodif
1760,Euromissiles
1761,Europe
1762,Europe de l'Est
1763,Euthanasie
1764,Évadés
1765,Ex-URSS
1766,Ex-Yougoslavie
1767,Examen prénatal
1768,Examens médicaux
1769,Examens prénuptiaux
1770,"Examens, concours et diplômes"
1771,Exclusion
1772,Exode rural
1773,Exonérations
1774,Expansion économique
1775,Expériences
1776,Expérimentation
1777,Expertises
1778,Experts
1779,Experts-comptables
1780,Exploitants agricoles
1781,Exploitations agricoles
1782,Exploitations agricoles à responsabilité limitée (EARL)
1783,Explosifs
1784,Exportations
1785,Exposition universelle
1786,Expositions et salons
1787,Expropriation
1788,Expulsions
1789,Externat
1790,Extincteurs
1791,Extradition
1792,Extrême-Orient
1793,Factures
1794,Faïenceries
1795,"Faillite, règlement judiciaire et liquidation de biens"
1796,Faim (lutte contre la)
1797,Famille
1798,Familles d'accueil
1799,Famine
1800,Farine
1801,Fascisme
1802,Faune
1803,Faune (protection de la)
1804,Faune et flore
1805,Fédération des conseils des parents d'élèves (FCPE)
1806,Fédération française de ski (FFS)
1807,Fédération nationale des anciens combattants d'Algérie (FNACA)
1808,Fédérations sportives
1809,Femme
1810,Femme (condition de la)
1811,Femmes
1812,Femmes (travail des)
1813,Femmes chefs de famille
1814,Femmes de ménage
1815,Femmes enceintes
1816,Inspecteurs départementaux de l'éducation nationale (IDEN)
1817,Inspecteurs du travail
1818,Inspecteurs maritimes
1819,Inspecteurs pédagogiques
1820,Inspecteurs régionaux de la culture
1821,Inspection des finances
1822,Inspection du travail
1823,Inspection générale des affaires sociales (IGAS)
1824,Inspection pédagogique
1825,Installations classées
1826,Institut culturel Français de Berlin
1827,Institut d'études du développement économique et social (IEDES)
1828,Institut de développement industriel (IDI)
1829,Institut de géographie alpine
1830,Institut de recherche d'informatique et d'automatique (IRIA)
1831,Institut de recherche sur l'enseignement des mathématiques (IREM)
1832,Institut des hautes études cinématographiques (IDHEC)
1833,Institut des hautes études de la défense nationale (IHEDN)
1834,Institut du transport aérien
1835,Institut français de l'opinion publique (IFOP)
1836,Institut français pour la recherche et l'exploitation de la mer (IFREMER)
1837,Institut géographique national (IGN)
1838,Institut médico-légal
1839,Institut national d'éducation populaire (INEP)
1840,Institut national d'études démographiques
1841,Institut national de l'audiovisuel (INA)
1842,Institut national de la consommation (INC)
1843,Institut national de la recherche agronomique (INRA)
1844,Institut national de la santé et de la recherche médicale (INSERM)
1845,Institut national de la statistique et des études économiques (INSEE)
1846,Institut national de recherche chimique appliquée (IRCHA)
1847,Institut national de recherche pédagogique (INREP)
1848,Institut national de recherches et de documentation pédagogique (INRDP)
1849,Institut national des langues et civilisations orientales
1850,Fonctionnaires internationaux
1851,Fondations
1852,Fonderies
1853,Fonds additionnel d'action sociale agricole (FOCOMA)
1854,Fonds administratif de la qualité de la vie
1855,Fonds commun de placement
1856,Fonds d'action conjoncturelle (FAC)
1857,Fonds d'action sociale (FAS)
1858,Fonds d'action sociale obligatoire
1859,Fonds d'aide au conseil des industries touristiques (FACIT)
1860,Fonds d'aide au logement (F.A.L.)
1861,Fonds d'aménagement urbain (FAU)
1862,Fonds d'assurance formation
1863,Fonds d'équipement des collectivités locales (FECL)
1864,Fonds d'intervention
1865,Fonds d'investissement des départements d'outre-mer (FIDOM)
1866,Fonds d'orientation et de régularisation des marchés agricoles (FORMA)
1867,Fonds de commerce
1868,Fonds de compensation de la TVA (FCTVA)
1869,Fonds de coopération de la jeunesse et de l'éducation populaire (FONJEP)
1870,Fonds de développement économique et social (FDES)
1871,Fonds de développement rural
1872,Fonds de garantie
1873,Fonds de garantie automobile
1874,Fonds de pension
1875,Fonds de péréquation de la taxe professionnelle
1876,Fonds européen d'orientation et de garantie agricole (FEOGA)
1877,Fonds européen de développement régional (FEDER)
1878,Fonds forestier national
1879,Fonds forestiers
1880,Fonds interministériel de développement et d'aménagement rural (FIDAR)
1881,Fonds marins
1882,Fonds monétaire international (FMI)
1883,Fonds national d'aménagement foncier et d'urbanisme
1884,Fonds national d'assurance formation des salariés des exploitants agricoles (FAFSEA)
1885,Fonds national de garantie (FNG)
1886,Fonds national de garantie des calamités agricoles
1887,Fonds national de solidarité (FNS)
1888,Fonds national pour l'emploi (FNE)
1889,Fonds national pour le développement des adductions d'eau (FNDAE)
1890,Fonds national pour le développement du sport (FNDS)
1891,Fonds publics
1892,Fonds régional d'art contemporain (FRAC)
1893,Fonds scolaire départemental
1894,Fonds scolaires
1895,Fonds social européen
1896,Fonds spécial d'adaptation industriel
1897,Fonds spécial d'investissement routier (FSIR)
1898,Fonds spécial de grands travaux
1899,Fonds structurels
1900,Football
1901,Forages
1902,Forains
1903,Force d'intervention
1904,Force intérimaire des Nations Unies au Liban (FINUL)
1905,Force majeure
1906,Force publique
1907,Forces françaises de l'intérieur (FFI)
1908,Forclusion
1909,Forestiers
1910,Forfait hospitalier
1911,Forfaits
1912,Forfaits fiscaux
1913,Formalités administratives
1914,Formation continue
1915,Formation professionnelle
1916,Formation professionnelle (ministère de la)
1917,Formation professionnelle et promotion sociale
1918,Fouilles
1919,Fourrière
1920,Fourrures
1921,Foyers
1922,Frais d'hébergement
1923,Frais de déplacement
1924,Frais de fonctionnement
1925,Frais de garde
1926,Frais de réception
1927,Frais de séjour
1928,Frais de transports
1929,Frais funéraires
1930,Frais généraux
1931,Frais professionnels
1932,Franc-maçonnerie
1933,Français
1934,Français (langue)
1935,Français d'outre-mer
1936,Français de l'étranger
1937,France d'outre-mer
1938,France Télécom
1939,Franchise
1940,Franchise postale
1941,Francophonie
1942,Francophonie (ministère de la)
1943,Franglais
1944,Fraudes
1945,Fraudes électorales
1946,Fraudes et contrefaçons
1947,Fraudes fiscales
1948,Fromages
1949,Frontaliers
1950,Frontières
1951,Fruits et légumes
1952,Fruits secs
1953,Fuel
1954,Funérailles
1955,Fusion
1956,Gabon
1957,Gage et nantissement
1958,Gambie
1959,Ganterie
1960,Garages
1961,Garagistes
1962,Garantie
1963,Garantie de ressources
1964,Garantie décennale
1965,Garderies d'enfants
1966,Gardes
1967,Gardes du corps
1968,Gardes-chasse
1969,Gardes-côtes
1970,Gardes-pêche
1971,Gardiens
1972,Gares
1973,Garonne
1974,Gasoil
1975,Gastronomie
1976,Gaz
1977,Gaz de France (GDF)
1978,Gazole
1979,Gel
1980,Gemme
1981,Gendarmerie
1982,Généalogie
1983,General agreement on tariffs and trade (GATT)
1984,Généralisation
1985,Généraux
1986,Génétique
1987,Génie rural
1988,Génocide
1989,Gens du voyage
1990,Géographie
1991,Géologie
1992,Géomètres
1993,Géomètres et métreurs
1994,Géophysique
1995,Géorgie
1996,Géothermie
1997,Gérance
1998,Gérants
1999,Gérontologie et gériatrie
2000,Gers
2001,Gestion
2002,Gestion communale
2003,Gibier
2004,Gîtes géothermiques
2005,Gîtes ruraux
2006,Golf
2007,Golfe Persique
2008,Gouvernement
2009,Grâce
2010,Graffitis
2011,Graines
2012,Grande-Bretagne
2013,Grandes écoles
2014,Grandes surfaces
2015,Grands ensembles
2016,Grands établissements
2017,Grands invalides civils (GIC)
2018,Granulats
2019,Graphologie
2020,Gratuité des actes de justice
2021,Grèce
2022,Greenpeace
2023,Greffes d'organes
2024,Greffiers
2025,Grêle
2026,Grenouilles
2027,Grès
2028,Grèves
2029,Grippe
2030,Grippe aviaire
2031,Grossistes
2032,Grottes
2033,Groupement national des entrepreneurs constructeurs immobiliers (GNECI)
2034,Groupements agricoles
2035,Groupements agricoles d'exploitation en commun (GAEC)
2036,Groupements d'entreprises
2037,Groupements d'intérêt économique (GIE)
2038,Groupements d'intérêt public (GIP)
2039,Groupements de communes
2040,Groupements de producteurs
2041,Groupements fonciers agricoles (GFA)
2042,Groupements forestiers
2043,Groupes parlementaires
2044,Guadeloupe
2045,Guatemala
2046,Guéret
2047,Guerre
2048,Guerres et conflits
2049,Guichet unique
2050,Guinée
2051,Guinée équatoriale
2052,Guyane
2053,Gymnases
2054,Gynécologie
2055,Habilitations
2056,Habillement
2057,Habitat
2058,Habitat ancien
2059,Habitat rural
2060,Habitat social
2061,Habitation principale
2062,Habitations à loyer modéré (HLM)
2063,Haïti
2064,Handicapés
2065,Handicapés (appareillage)
2066,Handicapés (établissements spécialisés et soins)
2067,Handicapés (logement)
2068,Handicapés (prestations et ressources)
2069,Handicapés (transports et accès aux locaux)
2070,Handicapés (travail et reclassement)
2071,Haras
2072,Harcèlement
2073,Harkis
2074,Haut commissariat des Nations unies pour les réfugiés (HCNUR)
2075,Haute autorité
2076,Haute autorité de lutte contre les discriminations et pour l'égalité (HALDE)
2077,Haute fidélité
2078,Haute-Volta
2079,Hébergement
2080,Hélicoptères
2081,Hémodialyse
2082,Herboristerie
2083,Héritages
2084,Hêtres
2085,Heure légale
2086,Heures d'équivalence
2087,Heures supplémentaires
2088,Histoire
2089,Histoire géographie
2090,Histoire naturelle
2091,Hockey
2092,Hollande
2093,Homéopathie
2094,Homophobie
2095,Homosexualité
2096,Honduras
2097,Hong Kong
2098,Hongrie
2099,Honoraires
2100,Honorariat
2101,Hôpitaux
2102,Hôpitaux (personnel des)
2103,Hôpitaux psychiatriques
2104,Horaires à la carte
2105,Horaires variables
2106,Horlogerie
2107,Horticulteurs
2108,Horticulture
2109,Hospices
2110,Hospitalisation
2111,Hospitalisation à domicile
2112,Hospitalisation et soins à domicile
2113,Hôtels et restaurants
2114,Houblon
2115,Houillères
2116,Huile
2117,Huiles
2118,Huiles alimentaires
2119,Huiles usagées
2120,Huissiers
2121,Huissiers de justice
2122,Huîtres
2123,Hydraulique
2124,Hydraulique agricole
2125,Hydrocarbures
2126,Hygiène
2127,Hygiène alimentaire
2128,Hygrométrie
2129,Hymnes
2130,Hypermarchés
2131,Hypothèques
2132,Identité
2133,Ile-de-France
2134,Iles
2135,Iles Fidji
2136,Iles Malouines
2137,Illetrés
2138,Illettrisme
2139,Ilotage
2140,Imagerie médicale
2141,IMCO
2142,Immatriculation
2143,Immeubles
2144,Immeubles classés
2145,Immigration
2146,Immigrés
2147,Immobilier
2148,Immobilisations
2149,Immunité
2150,Immunité diplomatique
2151,Immunités parlementaires
2152,Impayés
2153,Importations
2154,Importations exportations
2155,Impôt de solidarité sur la fortune (ISF)
2156,Impôt sur le capital
2157,Impôt sur le revenu
2158,Impôt sur les grandes fortunes (IGF)
2159,Impôt sur les sociétés
2160,Impôts
2161,Impôts (direction des)
2162,Impôts directs
2163,Impôts et taxes
2164,Impôts fonciers
2165,Impôts indirects
2166,Impôts locaux
2167,Imprimerie
2168,Imprimerie nationale
2169,Incapables majeurs
2170,Incarcération
2171,Incendies
2172,Incendies de forêts
2173,Incessibilité
2174,Incinération
2175,Incompatibilités
2176,Incorporation
2177,Inde
2178,Indemnisation
2179,Indemnité annuelle de départ (IAD)
2180,Indemnité compensatrice
2181,Indemnité complémentaire
2182,Indemnité d'éloignement
2183,Indemnité d'expatriation
2184,Indemnité de clientèle
2185,Indemnité de déménagement
2186,Indemnité de départ à la retraite
2187,Indemnité de responsabilité
2188,Indemnité de salaire minimum
2189,Indemnité de soins
2190,Indemnité de stage
2191,Indemnité de sujétion spéciale
2192,Indemnité de vie chère
2193,Indemnité funéraire
2194,Indemnité spéciale de montagne
2195,Indemnité spéciale de piedmont
2196,Indemnité viagère de départ (IVD)
2197,Indemnités
2198,Indemnités de départ
2199,Indemnités de déplacement
2200,Indemnités de licenciements
2201,Indemnités de logement
2202,Indemnités de résidence
2203,Indemnités de sujétion
2204,Indemnités journalières
2205,Indépendance nationale
2206,Indexation
2207,Indice officiel de la construction
2208,Indices
2209,Indivision
2210,Indochine
2211,Indonésie
2212,Industrialisation
2213,Industrie
2214,Industrie (ministère de l')
2215,Industrie aéronautique
2216,Industrie agroalimentaire
2217,Industrie automobile
2218,Industrie chimique
2219,Industrie des métaux
2220,Industrie mécanique
2221,Industrie métallurgique
2222,Industrie pharmaceutique
2223,Industrie textile
2224,Industries
2225,Industries (petites et moyennes)
2226,Industries électriques
2227,Inégalités sociales
2228,Inéligibilités
2229,Inéligibilités et incompatibilités
2230,Infirmes
2231,Infirmiers et infirmières
2232,Inflation
2233,Informateurs médicaux
2234,Information
2235,Information des citoyens
2236,Informatique
2237,Infractions
2238,Ingénierie
2239,Ingénieurs
2240,"Ingénieurs, techniciens administratifs (ITA)"
2241,Innovation
2242,Inondations
2243,Insaisissabilité
2244,Insectes
2245,Insémination artificielle
2246,Inséminations
2247,Insertion
2248,Insignes et emblèmes
2249,Insolvabilité
2250,Inspecteurs d'académie
2251,Inspecteurs de la santé
2252,Fonctionnaires et agents publics
2253,Institut national des sciences appliquées (INSA)
2254,Institut Pasteur
2255,Institut scientifique et technique des pêches maritimes (ISTPM)
2256,Instituteurs
2257,Institution de retraite complémentaire des employés de maison (IRCEM)
2258,Institutions européennes
2259,Institutions sociales et médico-sociales
2260,Instituts médico-éducatifs
2261,Instituts médico-pédagogiques (IMP)
2262,Instituts médico-professionnels (IMPRO)
2263,Instituts universitaires de formation des maîtres (IUFM)
2264,Instituts universitaires de technologie (IUT)
2265,Instructeurs
2266,Instructeurs de l'ex-plan de scolarisation de l'Algérie et du Sahara (IPS)
2267,Instruction
2268,Instruction civique
2269,Instruments de mesure
2270,Instruments de musique
2271,Instruments de précision et d'optique
2272,Intégration
2273,Intempéries
2274,Intendance
2275,Opticiens-lunetiers
2276,Optique
2277,Or
2278,Orchestres
2279,Ordinateurs
2280,Ordonnances
2281,Ordre public
2282,Ordres professionnels
2283,Ordures industrielles
2284,Ordures ménagères
2285,ORGANIC
2286,Organisation armée secrète (OAS)
2287,Organisation commune des marchés (OCM)
2288,Organisation de coopération et de développement économique (OCDE)
2289,Organisation de l'unité africaine (OUA)
2290,Organisation des Nations Unies (ONU)
2291,Organisation du traité de l'Atlantique nord (OTAN)
2292,Organisation générale des consommateurs (ORGECO)
2293,Organisation internationale du travail (OIT)
2294,Organisation mondiale de la santé (OMS)
2295,Organisation mondiale du commerce (OMC)
2296,Organisations à but philanthropique
2297,Organisations caritatives
2298,Organisations internationales
2299,Intercommunalité
2300,Intéressement des travailleurs
2301,Intérêt (taux de l')
2302,Intérêt moratoire
2303,Intérieur (ministère de l')
2304,Internat
2305,International Air Transport Association (IATA)
2306,Internement psychiatrique
2307,Internés
2308,Internet
2309,Interprètes
2310,Interruption volontaire de grossesse (IVG)
2311,Invalides
2312,Invalides (grands)
2313,Invalides de guerre
2314,Inventaires
2315,Inventeurs
2316,Investissements
2317,Investissements étrangers
2318,Irak
2319,Iran
2320,IRCANTEC
2321,Irlande
2322,IRPP
2323,Irrigation
2324,Islam
2325,Isolation thermique
2326,Israël
2327,Israélites
2328,Italie
2329,Ivoire
2330,Ivresse
2331,Jachère
2332,Jambon
2333,Japon
2334,Jardins
2335,Jardins familiaux
2336,Jeunes
2337,Jeunes agriculteurs
2338,Jeunes ménages
2339,Jeunes travailleurs
2340,Jeunesse
2341,Jeunesse (ministère de la)
2342,Jeunesse et sports
2343,Jeunesse et sports (ministère de la)
2344,"Jeunesse, sports et loisirs (ministère de la)"
2345,Jeux
2346,Jeux et paris
2347,Jeux Olympiques
2348,Jouet (industrie du)
2349,Jouets
2350,Journal officiel
2351,Journalisme
2352,Journalistes
2353,Journaux
2354,Journaux et périodiques
2355,Journée d'appel et de préparation à la défense (JAPD)
2356,Jours fériés
2357,Juge d'application des peines
2358,Juges
2359,Juifs
2360,Jumelages
2361,Jurés
2362,Juridiction
2363,Jurisprudence
2364,Jurisprudence administrative
2365,Jury
2366,Jus de fruit
2367,Justice
2368,Justice (ministère de la)
2369,Justice (organisation de la)
2370,Kazakhstan
2371,Kenya
2372,Kerguelen
2373,Kinésithérapeutes
2374,Kosovo
2375,Koweït
2376,La Réunion
2377,Labels
2378,Laboratoires
2379,Laïcité
2380,Laine
2381,Lait et produits laitiers
2382,Lampes à bronzer
2383,Langoustines
2384,Languedoc-Roussillon
2385,Langues anciennes
2386,Langues étrangères
2387,Langues régionales
2388,Langues vivantes
2389,Laos
2390,Lapins
2391,Lapins de garenne
2392,Larzac
2393,Lauréat
2394,Lavande
2395,Leasing
2396,Lecture
2397,Légion d'honneur
2398,Légion étrangère
2399,Légitime défense
2400,Légumes
2401,Lèpre
2402,Lessives
2403,Liban
2404,Liberia
2405,Liberté du commerce et de l'industrie
2406,Libertés individuelles
2407,Libertés publiques
2408,Librairies
2409,Libre-service
2410,Libye
2411,Licences
2412,Licenciements
2413,Licitation
2414,Lille
2415,Limite d'âge
2416,Limousin
2417,Lin
2418,Liquidation judiciaire
2419,Listes électorales
2420,Littérature
2421,Lituanie
2422,Livraison
2423,Livre blanc
2424,Livres
2425,Livres comptables
2426,Livres et manuels scolaires
2427,Livres scolaires
2428,Livret de famille
2429,Livret scolaire
2430,Locataires
2431,Location
2432,Location-accession
2433,Location-attribution
2434,Location-vente
2435,Locations
2436,Locaux administratifs
2437,Locaux professionnels
2438,Lock-out
2439,Logement
2440,Logement (financement)
2441,Logement (ministère du)
2442,Logement de fonction
2443,Logement social
2444,Logement temporaire
2445,Logements-foyers
2446,Logiciel
2447,"Loi ""anti-casseurs"""
2448,Loi (application de la)
2449,Loi Roustan
2450,Loi Royer
2451,Loi Tréveneuc
2452,Loire
2453,Lois
2454,Lois d'orientation
2455,Lois de finances
2456,Lois de finances rectificatives
2457,Loisirs
2458,Londres
2459,Lorraine
2460,Loterie nationale
2461,Lotissements
2462,Loto
2463,Louage
2464,Loyers
2465,Lunettes
2466,Lutherie
2467,Lutte
2468,Luxembourg
2469,Lycées
2470,Lycées d'enseignement professionnel (LEP)
2471,Lyon
2472,Macédoine
2473,Machines
2474,Machines à écrire
2475,Machines à sous
2476,Machines de bureau
2477,Machines électrostatiques
2478,Machines-outils
2479,Macrobiologie
2480,Madagascar
2481,Madrid
2482,Magasins
2483,Magasins généraux
2484,Maghreb
2485,Magistrats
2486,Magistrature
2487,Magnétiseurs
2488,Magnétophone
2489,Magnétoscopes
2490,Main-d'oeuvre
2491,Maires
2492,Mairies
2493,Maïs
2494,Maïserie
2495,Maisons d'accueil spécialisées (MAS)
2496,Maisons d'arrêt
2497,Maisons de la culture
2498,Maisons de repos
2499,Maisons de retraite
2500,Maisons de retraite et foyers logements
2501,Maisons des jeunes et de la culture
2502,Maisons familiales
2503,Maisons familiales et rurales
2504,Maisons forestières
2505,Maisons individuelles
2506,Maître d'apprentissage
2507,Maîtres auxiliaires
2508,Maîtres d'application
2509,Maîtres d'oeuvre
2510,Maîtres nageurs sauveteurs
2511,Maîtres-assistants
2512,Maîtrise
2513,Majorations fiscales
2514,Majorité
2515,Majorité (âge de la)
2516,Maladies
2517,Maladies de longue durée
2518,Maladies du bétail
2519,Maladies infantiles
2520,Maladies mentales
2521,Maladies professionnelles
2522,Maladies tropicales
2523,Malawi
2524,Malentendants
2525,Mali
2526,Mandat
2527,Mandataires
2528,Mandats
2529,Mandats électifs
2530,Mandats postaux
2531,Manifestations
2532,Manifestations et émeutes
2533,Manifestations publiques
2534,Manifestations sportives
2535,Manioc
2536,Manuels scolaires
2537,Manufactures nationales
2538,Manutention
2539,Marais
2540,"Marbriers, sculpteurs et tailleurs de pierre"
2541,Marchandises
2542,Marchands ambulants et forains
2543,Marchands de biens
2544,Marché à terme des instruments financiers (MATIF)
2545,Marché unique européen
2546,Marchés
2547,Marchés à terme
2548,Marchés administratifs
2549,Marchés agricoles
2550,Marchés d'intérêt national (MIN)
2551,Marchés financiers
2552,Marchés internationaux
2553,Marchés publics
2554,Marchés-gares
2555,Maréchal-ferrant
2556,Mareyeurs
2557,Margarine
2558,Mariage
2559,Mariculture
2560,Marine
2561,Marine marchande
2562,Marine nationale
2563,Marins
2564,Marins pêcheurs
2565,Marne-la-Vallée
2566,Maroc
2567,Maronites
2568,Marques de fabrique et de commerce
2569,Marseillaise
2570,Martinique
2571,Masse monétaire
2572,Masseurs et kinésithérapeutes
2573,Massif central
2574,Matériel agricole
2575,Matériel de bureau
2576,Matériel de mesure
2577,Matériel électrique et électronique
2578,Matériel ferroviaire
2579,Matériel médico-chirurgical
2580,Maternité
2581,Mathématiques
2582,Matières dangereuses
2583,Matières grasses
2584,Matières plastiques
2585,Matières premières
2586,Maurice (île)
2587,Mauritanie
2588,Mayotte
2589,Mécaniciens agricoles
2590,Mécénat
2591,Médaille du travail
2592,Médaille militaire
2593,Médailles
2594,Médecine
2595,Médecine (enseignement de la)
2596,Médecine (exercice illégal de la)
2597,Médecine du travail
2598,Médecine légale
2599,Médecine militaire
2600,Médecine préventive
2601,Médecine scolaire
2602,Médecine sociale
2603,Médecine sportive
2604,Médecines parallèles
2605,Médecins
2606,Médecins militaires
2607,Médias
2608,Médiateur de la République
2609,Médiation
2610,Médicaments
2611,Méditerranée
2612,Médoc
2613,Ménageries
2614,Ménages
2615,Mensualisation
2616,Mer
2617,Mer (droit de la)
2618,Mer (ministère de la)
2619,Mer et littoral
2620,Mercenaires
2621,Mercure
2622,Mères de famille
2623,Mérite (ordre du)
2624,Mérite combattant
2625,Mérite social
2626,Métallurgie
2627,Métaux
2628,Métaux précieux
2629,Métayage
2630,Météorologie
2631,Méthane
2632,Méthanol
2633,Métiers
2634,Métiers d'art
2635,Métropolitain
2636,Meublés
2637,Meubles (biens)
2638,Meublés et garnis
2639,Meunerie
2640,Meurthe-et-Moselle
2641,Meuse
2642,Mexico
2643,Mexique
2644,Mi-temps thérapeutique
2645,Micro-électronique
2646,Micro-informatique
2647,Micro-ordinateurs
2648,Micro-processeurs
2649,Microfiches
2650,Microlithographie
2651,Microprocesseurs
2652,Microscopes
2653,Miel
2654,Migrations
2655,Milices
2656,Milieu rural
2657,Militaires
2658,Minerais
2659,Mines et carrières
2660,Mineurs (protection des)
2661,Mineurs (travailleurs de la mine)
2662,Minimum vieillesse
2663,Ministère public
2664,Ministères
2665,Ministres et secrétaires d'État
2666,Minitel
2667,Mise en demeure
2668,Mise en valeur
2669,Missions culturelles
2670,Missions interministérielles
2671,Mobilier
2672,Mobilité professionnelle
2673,Mode
2674,Modèles réduits
2675,Modérateurs
2676,Monaco
2677,Mondialisation
2678,Monétique
2679,Mongolie
2680,Moniteurs-éducateurs
2681,Monnaie
2682,Monnaies et médailles
2683,Monopoles
2684,Montagne
2685,Montants compensatoires
2686,Monuments historiques
2687,Mort et décès
2688,Mortalité
2689,Motocycles
2690,Moules
2691,Moutons
2692,Mouvements de libération
2693,Mouvements éducatifs
2694,Moyen-Orient
2695,Multimédia
2696,Multipropriété
2697,Musées
2698,Muséum d'histoire naturelle
2699,Musique
2700,Musulmans
2701,Mutations
2702,Mutilés
2703,Mutualité
2704,Mutualité sociale agricole (MSA)
2705,Mutuelle générale de l'éducation nationale (MGEN)
2706,Mutuelle nationale des étudiants de France (MNEF)
2707,Mutuelles
2708,Mutuelles (sociétés)
2709,Myopathie
2710,Mythologie
2711,Mytiliculture
2712,Myxomatose
2713,Naissances
2714,Naissances (contrôle des)
2715,Naissances (déclarations des)
2716,Namibie
2717,Natalité
2718,Natation
2719,Nationalisations
2720,Nationalité française
2721,Naturalisation
2722,Nature (protection de la)
2723,Naufrages
2724,Nauru
2725,Navigation de plaisance
2726,Navigation fluviale
2727,Navigation maritime
2728,Navires
2729,Navires de guerre
2730,Nazisme
2731,Négociants
2732,Négociations
2733,Népal
2734,Nicaragua
2735,Nice
2736,Nickel
2737,Niger
2738,Nigeria
2739,Nitrates
2740,Noix
2741,Nomades
2742,Nomenclature
2743,Non-lieu
2744,Non-résidents
2745,Non-rétroactivité
2746,Non-salariés
2747,Non-titulaires
2748,Non-voyants
2749,Nord
2750,Nord-Pas-de-Calais
2751,Normalisation
2752,"Normes, marques et labels"
2753,Norvège
2754,Notariat
2755,Nourrices
2756,Nourriture
2757,Nouvelle-Calédonie
2758,Nouvelle-Zélande
2759,Nouvelles technologies
2760,Nouvelles-Hébrides
2761,Nucléaire
2762,Nue-propriété
2763,Nuisances
2764,Objecteurs de conscience
2765,Objets trouvés
2766,Objets volants non identifiés (OVNI)
2767,Obligation alimentaire
2768,Obligation de réserve
2769,Obligation scolaire
2770,Obligations
2771,Obligations cautionnées
2772,Obsèques
2773,Occasions
2774,Occitan
2775,Occupation des lieux de travail
2776,OCDE
2777,Océan Indien
2778,Océan Pacifique
2779,Odontologie
2780,Oenologues
2781,Oestrogènes
2782,Oeufs
2783,Oeuvres d'art
2784,Oeuvres sociales
2785,Office belge de sécurité sociale d'outre-mer (OSSOM)
2786,Office culturel de l'audiovisuel (OCAV)
2787,Office de la radio diffusion et télévision française (ORTF)
2788,Office de la recherche scientifique et technique d'outre-mer (ORSTOM)
2789,Office de protection des réfugiés et apatrides
2790,Office des forêts méditerranéennes
2791,Office interdépartemental de la région parisienne (OIRP)
2792,Office national d'information sur les enseignements et les professions (ONISEP)
2793,Office national de l'emploi
2794,Office national de l'immigration (ONI)
2795,Office national de la chasse (ONC)
2796,Office national de sécurité routière
2797,Office national des anciens combattants (ONAC)
2798,Office national des anciens combattants et des victimes de guerre (ONACVG)
2799,Office national des forêts (ONF)
2800,Office national interprofessionnel des céréales (ONIC)
2801,"Office national interprofessionnel des fruits, des légumes et de l'horticulture (ONIFLHOR)"
2802,"Office national interprofessionnel des viandes, de l'élevage et de l'aviculture (OFIVAL)"
2803,Office national interprofessionnel du bétail et des viandes (ONIBEV)
2804,Office national interprofessionnel du lait
2805,Office national interprofessionnel du vin (ONIVIN)
2806,Offices agricoles
2807,Offices de tourisme
2808,Offices de tourisme et syndicats d'initiative
2809,Offices publics d'aménagement et de construction (OPAC)
2810,Officiers
2811,Officiers de police
2812,Officiers publics et ministériels
2813,Oiseaux
2814,Oléagineux
2815,Oléiculture
2816,Oléoprotéagineux
2817,Opéra
2818,Opéra et opéra-comique
2819,Opérations groupées d'aménagement foncier (OGAF)
2820,Ophtalmologie
2821,Opinion publique
2822,Opothérapie
2823,Opposabilité
2824,Régie française de publicité (RFP)
2825,Régie nationale des usines Renault (RNUR)
2826,Régies
2827,Régies municipales
2828,Régimes matrimoniaux
2829,Régimes pénitentiaires
2830,Région parisienne
2831,Régions
2832,Régions d'économie montagnarde
2833,Régions de l'Ouest
2834,Registre des métiers
2835,Registre du commerce
2836,Règlement des assemblées parlementaires
2837,Règlement des différends
2838,Règlement intérieur
2839,Réinsertions
2840,Rejets thermiques
2841,Relais départementaux
2842,Relations culturelles
2843,Relations diplomatiques et consulaires
2844,Relations économiques internationales
2845,Relations extérieures (ministère des)
2846,Relations financières internationales
2847,Relations internationales
2848,Religion
2849,Religions et cultes
2850,Remboursement
2851,Remboursement de la dette sociale (RDS)
2852,Remembrement
2853,Remorqueurs
2854,Renault véhicules industriels (RVI)
2855,Rénovation immobilière
2856,Rénovation rurale
2857,Rénovation urbaine
2858,Renseignements
2859,Rentabilité
2860,Rentes
2861,Rentes viagères
2862,Rentrée scolaire
2863,Répertoire des métiers
2864,Repos
2865,Repos compensateur
2866,Repos dominical
2867,Représentation proportionnelle
2868,République centrafricaine
2869,République démocratique allemande (RDA)
2870,République fédérale d'Allemagne (RFA)
2871,Réseau express régional (RER)
2872,Réseau ferré de France (RFF)
2873,Réserves foncières
2874,Réserves naturelles
2875,Résidanat
2876,Résidence
2877,Résidences principales
2878,Résidences secondaires
2879,Résidences universitaires
2880,Résiliation
2881,Résineux
2882,Résistants
2883,Responsabilité administrative
2884,Responsabilité civile
2885,Responsabilité contractuelle
2886,Organisations professionnelles
2887,Organisations représentatives
2888,Organismes à but social
2889,Organismes divers
2890,Organismes génétiquement modifiés (OGM)
2891,Orientation scolaire et professionnelle
2892,Ormes
2893,Orphelins
2894,Orphelins et orphelinats
2895,Orthopédie dento-faciale
2896,Orthophonistes
2897,Orthoptistes
2898,Ossétie
2899,Ostréiculteurs
2900,Ostréiculture
2901,OTAN
2902,Outre-mer
2903,Ouvriers
2904,Ouvriers agricoles
2905,Ouvriers de l'État
2906,Ouvriers professionnels
2907,Ouzbékistan
2908,Ovins
2909,Pacage
2910,Pacte civil de solidarité (PACS) 
2911,Pacte de Varsovie
2912,Pacte national pour l'emploi
2913,Paiement
2914,Paieries
2915,Pain
2916,Pakistan
2917,Palestine
2918,Palmes académiques
2919,Palus
2920,Panama
2921,Papiers d'identité
2922,Papiers et papeteries
2923,Parachutes
2924,Parachutisme
2925,Paracommercialisme
2926,Paraguay
2927,Parasites
2928,Parc de Saint-Cloud
2929,Parcs
2930,Parcs nationaux
2931,Parcs naturels
2932,Parents d'élèves
2933,Parfumerie
2934,Parfums
2935,Pari mutuel urbain (PMU)
2936,Paris
2937,Parité
2938,Parkings
2939,Parkings et garages
2940,Parlement
2941,Parlement européen
2942,Parlementaires
2943,Parrainage
2944,Partage
2945,Participation
2946,Participation des employeurs à l'effort de construction
2947,Participation des travailleurs
2948,Partis politiques
2949,Passeports
2950,Passeurs
2951,Patente
2952,Paternité
2953,Patrimoine (protection du)
2954,Pauvreté
2955,Pavillons
2956,Pavillons de complaisance
2957,Pays Baltes
2958,Pays de l'Est
2959,Pays en voie de développement
2960,Pays étrangers
2961,Pays-Bas
2962,Paysans
2963,Péages
2964,Pêche
2965,Pêche maritime
2966,Pêches
2967,Pêches maritimes
2968,Péchiney-Ugine-Kuhlmann
2969,Pédagogie
2970,Pédiatrie
2971,Peine de mort
2972,Peines
2973,Pélerinages
2974,Péniches
2975,Pensions alimentaires
2976,Pensions civiles et militaires
2977,Pensions d'invalidité
2978,Pensions d'orphelins
2979,Pensions de retraite
2980,Pensions de retraite militaire
2981,Pensions de réversion
2982,Pensions militaires d'invalidité
2983,Pépinières
2984,Perceptions
2985,Perles
2986,Permis de chasse
2987,Permis de conduire
2988,Permis de construire
2989,Permis de recherche
2990,Permis de séjour
2991,Permissions militaires
2992,Pérou
2993,Personnalité morale
2994,Personnel
2995,Personnels de service
2996,Personnes à charge
2997,Personnes âgées
2998,Perte
2999,Petites annonces
3000,Petites et moyennes industries (PMI)
3001,Pétitions
3002,Pétrole
3003,Pétroliers
3004,Phares et balises
3005,Pharmachèque
3006,Pharmacie vétérinaire
3007,Pharmaciens
3008,Pharmaciens et pharmacies
3009,Pharmacies
3010,Philatélie
3011,Philippines
3012,Philosophie
3013,Photocopies
3014,Photographie
3015,Picardie
3016,Pièges à mâchoires
3017,Pierres et métaux précieux
3018,Pierres précieuses
3019,Piétons
3020,Pilotes et pilotage
3021,Pisciculture
3022,Piscines
3023,Pistes cyclables
3024,Plafond de garantie
3025,Plafond de ressources
3026,Plafond légal de densité
3027,Plafond légal de densité (PLD)
3028,Plages
3029,Plagistes
3030,Plan
3031,Plan câble
3032,Plan d'épargne d'entreprise
3033,Plan épargne-logement
3034,Plan Polmar
3035,Plan protéine
3036,Plan Scarlett
3037,Plan Vosges
3038,Plans d'occupation des sols (POS)
3039,Plans d'urbanisme
3040,Plans-reliefs
3041,Plantes
3042,Plantes médicinales
3043,Plastiques
3044,Plateau continental
3045,Plomb
3046,Pluies acides
3047,Pluriactivité
3048,Plus-values
3049,Plus-values (imposition des)
3050,PME
3051,PMI
3052,Pneumatiques
3053,Pneus à clous
3054,Podologues
3055,Poésie
3056,Poids et mesures
3057,Poids lourds
3058,Poissons
3059,Poissons et produits de la mer
3060,Police
3061,Police (personnel de)
3062,Police judiciaire
3063,Police municipale
3064,Police privée
3065,Police rurale
3066,Politique agricole
3067,Politique agricole commune (PAC)
3068,Politique budgétaire
3069,Politique contractuelle
3070,Politique culturelle
3071,Politique économique
3072,Politique énergétique
3073,Politique étrangère
3074,Politique extérieure
3075,Politique familiale
3076,Politique générale
3077,Politique industrielle
3078,Politique internationale
3079,Politique monétaire
3080,Politique sociale
3081,Politiques communautaires
3082,Pollution
3083,Pollution (air)
3084,Pollution (eau)
3085,Pollution (mer)
3086,Pollution et nuisances
3087,Pologne
3088,Polynésie française
3089,Pommes
3090,Pommes de terre
3091,Pompes à chaleur
3092,Pompes funèbres
3093,Pont de Sèvres
3094,Ponts
3095,Ponts et chaussées
3096,Population
3097,Porcelaine
3098,Porcheries
3099,Porcins
3100,Pornographie
3101,Ports
3102,Portugal
3103,Poste (La)
3104,Postes
3105,Postes (ministère des)
3106,Postes et télécommunications
3107,Postes et télécommunications (agents des)
3108,Postes et télécommunications (ministère des)
3109,Postes et télécommunications (personnel des)
3110,Potasse
3111,Poteaux métalliques
3112,Poudres et poudreries
3113,Poursuites
3114,Pouvoir d'achat
3115,Précarité
3116,Précompte mobilier
3117,Préenseignes
3118,Préfectures
3119,Préfectures (personnel des)
3120,Préfets et sous-préfets
3121,Préfets de police
3122,Prélèvements d'organes
3123,Prélèvements obligatoires
3124,Premier ministre
3125,Préretraite
3126,Prescription
3127,Président de la République
3128,Presse
3129,Prestations d'alcool vinique
3130,Prestations de service
3131,Prestations familiales
3132,Prestations sociales
3133,Prestations sociales agricoles
3134,Prêt-à-porter
3135,Prêts
3136,Prêts accession à la propriété (PAP)
3137,Prêts aux jeunes ménages
3138,Prêts bonifiés
3139,Prêts d'honneur
3140,Prêts d'installation
3141,Prêts fonciers
3142,Prêts immobiliers et conventionnés
3143,Prévention
3144,Prévention des risques
3145,Prévention routière
3146,Prévision
3147,Prévision économique
3148,Prime
3149,Prime à l'amélioration de l'habitat
3150,Prime d'équipement hôtelier
3151,Prime d'insularité
3152,Prime de développement régional (PDR)
3153,Prime de la création d'entreprises
3154,Prime de reconversion
3155,Prime de rentrée scolaire
3156,Prime de risque
3157,Prime de transports
3158,Primes
3159,Primes d'aménagement du territoire (PAT)
3160,Primes d'équipement
3161,Primes d'installation
3162,Primes de déménagement
3163,Primes de développement régional
3164,Primeurs
3165,Primo-demandeurs d'emploi
3166,Principauté d'Andorre
3167,Principaux
3168,Prisonniers de guerre
3169,Prisonniers politiques
3170,Prisons
3171,Privatisations
3172,Privilèges
3173,Prix
3174,Prix agricoles
3175,Prix Nobel
3176,Probation
3177,Procédure administrative
3178,Procédure civile et commerciale
3179,Procédure fiscale
3180,Procédure législative
3181,Procédure pénale
3182,Procès verbal
3183,Proche-Orient
3184,Procréation médicale assistée
3185,Procuration
3186,Production
3187,Productivité
3188,Produit intérieur brut (PIB)
3189,Produit national brut (PNB)
3190,Produits agricoles et alimentaires
3191,Produits chimiques
3192,Produits dangereux
3193,Produits financiers
3194,Produits forestiers
3195,Produits industriels
3196,Produits pétroliers
3197,Produits pharmaceutiques
3198,Produits toxiques
3199,Professeurs
3200,Professeurs d'enseignement général de collège (PEGC)
3201,Professeurs des écoles
3202,Professions
3203,Professions de santé
3204,Professions et activités immobilières
3205,Professions et activités paramédicales
3206,Professions et activités sociales
3207,Professions judiciaires et juridiques
3208,Professions libérales
3209,Programmes d'actions prioritaires (PAP)
3210,Programmes intégrés méditerranéens
3211,Programmes scolaires
3212,Projet Thermos
3213,Projets ou propositions de loi
3214,Propagande
3215,Propagande électorale
3216,Propagande et action contre les taudis (PACT)
3217,Propriété
3218,Propriété industrielle
3219,"Propriété littéraire, artistique et intellectuelle"
3220,Prospecteurs - placiers
3221,Prostitution
3222,Prostitution et proxénétisme
3223,Protéagineux
3224,Protection civile
3225,Protection de la nature
3226,Protection des végétaux
3227,Protection maternelle et infantile (PMI)
3228,Prothèses
3229,Prothésistes
3230,Protocole
3231,Provence-Alpes-Côte d'Azur
3232,Provisions
3233,Proxénétisme
3234,Prunes
3235,Psychiatrie
3236,Psychologie
3237,Psychologues
3238,Psychorééducateurs
3239,Psychothérapie
3240,Publications officielles
3241,Publicité
3242,Publicité foncière
3243,Puériculture
3244,Pyralène
3245,Qualité
3246,Quart monde
3247,Québec
3248,Question caduque redéposée
3249,Question de rappel
3250,Questions parlementaires
3251,Quota
3252,Quotas laitiers
3253,Quotient familial
3254,Racisme et antisémitisme
3255,Radar
3256,Radioactivité
3257,Radioamateurs
3258,Radiodiffusion et télévision
3259,Radioélectricité
3260,Radioéléments
3261,Radios libres
3262,Radios locales
3263,Raffinage
3264,Raffineries
3265,Rage
3266,Raisins
3267,Ramassage scolaire
3268,Rapatriés
3269,Rapport Bertaux
3270,Rapport Cannac
3271,Rapport Claude
3272,Rapport constant
3273,Rapport Guillaumat
3274,Rapport Hannoun
3275,Rapport Lacroix
3276,Rapport Lenoir
3277,Rapport Massenet
3278,Rapport Oheix
3279,Rapport Peyrefitte
3280,Rapports d'information
3281,Rapports et études
3282,Ratification
3283,Rave-parties
3284,RDA
3285,Recel
3286,Recensement
3287,Receveurs
3288,Receveurs-distributeurs
3289,Recherche
3290,Recherche (ministère de la)
3291,Recherche agronomique
3292,Recherche économique
3293,Recherche et innovation
3294,Recherche génétique
3295,Recherche industrielle
3296,Recherche médicale
3297,Recherche pétrolière
3298,Recherche scientifique et technique
3299,Recherche scientifique et technologique
3300,Reclassement
3301,Reclassement indiciaire
3302,Récoltes
3303,Reconversion
3304,Reconversion industrielle
3305,Recours
3306,Recours pour excès de pouvoir
3307,Recouvrement des impôts
3308,Rectorats
3309,Récupération des déchets
3310,Redevance
3311,Redevance audiovisuelle
3312,Redevances
3313,Redressement et liquidation judiciaires
3314,Redressements fiscaux
3315,Rééducation
3316,Rééducation fonctionnelle
3317,Réévaluation des bilans
3318,Référé
3319,Référendum
3320,Réforme scolaire
3321,Réfractariat
3322,Réfugiés et apatrides
3323,Régie
3324,Régie autonome des transports parisiens (RATP)
3325,Organisations non gouvernementales (ONG)
3326,Responsabilité décennale
3327,Responsabilité pénale
3328,Ressources terrestres et maritimes
3329,Restaurants
3330,Restaurants universitaires
3331,Restauration
3332,Restauration collective
3333,Retenue de garantie
3334,Retraite
3335,Retraité
3336,Retraite (âge de la)
3337,Retraite anticipée
3338,Retraités
3339,Retraites
3340,Retraites (financement des)
3341,Retraites agricoles
3342,Retraites complémentaires
3343,Rétroactivité
3344,Réunion
3345,Réunions internationales
3346,Revenu familial garanti
3347,Revenu minimum d'activité (RMA)
3348,Revenu minimum d'insertion (RMI)
3349,Revenus
3350,Revenus agricoles
3351,Revenus fonciers
3352,Revenus professionnels
3353,Révision
3354,Rhin
3355,Rhodésie
3356,Rhône-Alpes
3357,Rhum
3358,Risques technologiques
3359,Riz
3360,Robotique
3361,Rongeurs
3362,Roulements à billes
3363,Zones économiques
3364,Zones économiques exclusives
3365,Zones franches
3366,Zones protégées
3367,Zones rurales
3368,Zoos
3369,Fin de vie
3370,Soins palliatifs
3371,Discrimination
3372,Service minimum
3373,Addictions
3374,Révision générale des politiques publiques
3375,Revenu de solidarité active (RSA)
3376,Fiducie
3377,Enfants intellectuellement précoces
3378,Télévision numérique terrestre (TNT)
3379,Plan de relance
3380,Centres de rétention
3381,Hébergement d'urgence
3382,Grenelle de l'environnement
3383,Subventions
3384,Service civil
3385,Dotation de développement urbain (DDU)
3386,Roumanie
3387,Route jeunesse
3388,Routes
3389,Royaume-Uni
3390,Rubéole
3391,Rugby
3392,Ruines
3393,Russie
3394,Rwanda
3395,Rythmes scolaires
3396,Sable
3397,Sacilor
3398,Sages-femmes
3399,Saint-Pierre-et-Miquelon
3400,Saisie-arrêt
3401,Saisies
3402,Salaire minimum interprofessionnel de croissance (SMIC)
3403,Salaires
3404,Salaires (zones de)
3405,Salaires et rémunérations
3406,Salariés
3407,Salariés agricoles
3408,Salines
3409,Salles de jeux
3410,Salmoniculture
3411,Salons spécialisés
3412,Salvador
3413,Samoa
3414,Sang et organes humains
3415,Sangliers
3416,Sans domicile fixe
3417,Santé
3418,Santé (ministère de la)
3419,Santé et sécurité sociale (ministère de la)
3420,Santé publique
3421,Sapeurs-pompiers
3422,Satellites
3423,Saumon
3424,Saumon-Atlantique
3425,Sauvetage
3426,Scanographes
3427,Scellés
3428,Schéma directeur d'aménagement et d'urbanisme (SDAU)
3429,Sciences
3430,Sciences économiques
3431,Sciences naturelles
3432,Scieries
3433,Sclérose en plaques
3434,Scolarité
3435,Scolarité obligatoire
3436,Scrutin
3437,Sécheresse
3438,Secourisme
3439,Secours en mer
3440,Secret professionnel
3441,Secrétaire d'État
3442,Secrétaires administratifs
3443,Secrétaires d'administration scolaire universitaire (SASU)
3444,Secrétaires de mairie
3445,Secrétariat d'État
3446,Sectes et sociétés secrètes
3447,Secteur privé
3448,Secteur public
3449,Secteur tertiaire
3450,Sécurité
3451,Sécurité alimentaire
3452,Sécurité civile
3453,Sécurité du travail
3454,Sécurité informatique
3455,Sécurité maritime
3456,Sécurité publique
3457,Sécurité routière
3458,Sécurité sociale
3459,Sécurité sociale (contentieux)
3460,Sécurité sociale (cotisations)
3461,Sécurité sociale (organismes)
3462,Sécurité sociale (prestations)
3463,Séismes
3464,Sénat
3465,Sénégal
3466,Sentiers de randonnées
3467,Séparation
3468,Séparation de corps
3469,Sépultures
3470,Serbie
3471,Serres
3472,Service après-vente
3473,Service civique
3474,Service d'assistance médicale d'urgence (SAMU)
3475,Service d'information et de diffusion (SID)
3476,Service de la surveillance industrielle de l'armement
3477,Service du travail obligatoire (STO)
3478,Service national
3479,Service pour l'emploi des Français à l'étranger (SEFRANE)
3480,Services
3481,Services à la personne
3482,Services publics
3483,Services secrets
3484,Services sociaux
3485,Servitudes
3486,Seuils sociaux
3487,Sèvres
3488,Sexualité
3489,SICAV
3490,Sidérurgie
3491,Silicose
3492,Singapour
3493,Sites (protection des)
3494,Ski
3495,Slovaquie
3496,Slovénie
3497,SNCF
3498,"Société des auteurs, compositeurs et éditeurs de musique (SACEM)"
3499,Société nationale d'études et de constructions de moteurs d'aviation (SNECMA)
3500,Société nationale d'exploitation industrielle des tabacs et allumettes (SEITA)
3501,Société nationale des chemins de fer français (SNCF)
3502,Société nationale des entreprises de presse (SNEP)
3503,Société nationale industrielle aérospatiale (SNIAS)
3504,Sociétés
3505,Sociétés à responsabilité limitée (SARL)
3506,Sociétés anonymes
3507,Sociétés canines
3508,Sociétés civiles agricoles
3509,Sociétés civiles et commerciales
3510,Sociétés civiles immobilières (SCI)
3511,Sociétés conseils
3512,Sociétés coopératives
3513,Sociétés coopératives ouvrières de production (SCOP)
3514,Sociétés d'aménagement foncier et d'établissement rural (SAFER)
3515,Sociétés d'assistance
3516,Sociétés d'assurance
3517,Sociétés d'économie mixte
3518,Sociétés d'économie mixte (SEM)
3519,Sociétés d'exploitation
3520,Sociétés d'intérêts collectifs agricoles (SICA)
3521,Sociétés d'investissement à capital variable (SICAV)
3522,Sociétés d'investissements
3523,Sociétés de développement régional (SDR)
3524,Sociétés de fait
3525,Sociétés de moyens
3526,Sociétés de personnes
3527,Sociétés en nom collectif
3528,Sociétés étrangères
3529,Sociétés fermières
3530,Sociétés immobilières
3531,Sociétés multinationales
3532,Sociétés nautiques
3533,Sociétés par actions
3534,Sociétés protectrices des animaux
3535,Sociologie
3536,Soins à domicile
3537,Soldats
3538,Soldes de réforme
3539,Solidarité (ministère de la)
3540,Somalie
3541,Sorgho
3542,Soudan
3543,Soulte
3544,Sourds et sourds-muets
3545,Sous-marins
3546,Sous-marques
3547,Sous-officiers
3548,Sous-préfectures
3549,Sous-préfets
3550,Sous-prolétariat
3551,Sous-traitance
3552,Souscriptions
3553,Soutien de famille
3554,Soutien pédagogique
3555,Spectacles
3556,Spéculation
3557,Spéléologie
3558,Spiritueux
3559,Sport automobile
3560,Sports
3561,Sports d'hiver
3562,Sports équestres
3563,Sri Lanka
3564,Stabex
3565,Stages
3566,Stationnement
3567,Stations d'épuration
3568,Stations thermales
3569,"Stations thermales, climatiques et de tourisme"
3570,Stations-service
3571,Statistiques
3572,Statut
3573,Statut des fonctionnaires
3574,Stéréophotogrammétrie
3575,Stockage
3576,Stomatologie
3577,Strasbourg
3578,Structures agricoles
3579,Stupéfiants
3580,Substances vénéneuses
3581,Subvention
3582,Successions
3583,Sucre
3584,Sud-Est asiatique
3585,Sud-ouest
3586,Suède
3587,Suicide
3588,Suisse
3589,Supermarchés
3590,Suppléance
3591,Supplément familial
3592,Surendettement
3593,Sûreté de l'État
3594,Surface minimum d'installation (SMI)
3595,Surinam
3596,Sursis
3597,Sursis à statuer
3598,Surtaxe
3599,Surveillance
3600,Surveillants
3601,Sylviculture
3602,Synchrotron
3603,Syndicat d'agglomérations nouvelles (SAN)
3604,Syndicats
3605,Syndicats d'initiative
3606,Syndicats de communes
3607,Syndicats intercommunaux à vocation multiple (SIVOM)
3608,Syndicats mixtes
3609,Syndics et administrateurs de biens
3610,Syndrome immunodéficitaire acquis (SIDA)
3611,Syrie
3612,Système monétaire européen (SME)
3613,Système monétaire international (SMI)
3614,Tabac et allumettes
3615,Tabacs
3616,Tabagisme
3617,Tadjikistan
3618,Tags et graffitis
3619,Tahiti
3620,Taïwan
3621,Tanzanie
3622,Tapisseries
3623,Tapissiers
3624,Tarif
3625,Tartrazine
3626,Taudis
3627,Taupes
3628,Taxation d'office
3629,Taxe
3630,Taxe à l'essieu
3631,Taxe d'apprentissage
3632,Taxe d'entraide
3633,Taxe d'équipement
3634,Taxe d'habitation
3635,Taxe de coresponsabilité
3636,Taxe de défrichement
3637,Taxe de publicité foncière
3638,Taxe de raccordement
3639,Taxe de responsabilité
3640,Taxe différentielle sur les véhicules à moteur
3641,Taxe foncière sur les propriétés bâties
3642,Taxe foncière sur les propriétés non bâties
3643,Taxe locale d'équipement (TLE)
3644,Taxe professionnelle
3645,Taxe sur la valeur ajoutée (TVA)
3646,Taxe sur le chiffre d'affaires
3647,Taxe sur les salaires
3648,Taxe sur les spectacles
3649,Taxes
3650,Taxes foncières
3651,Taxes locales
3652,Taxes parafiscales
3653,Taxidermistes
3654,Taxis
3655,Tchad
3656,Tchécoslovaquie
3657,Tchétchénie
3658,Techniciens
3659,Technologie
3660,Technologie des rinçages
3661,Téléalarme
3662,Télécommunications
3663,Télégestion
3664,Téléimprimeurs
3665,Télématique
3666,Téléphone
3667,Télétexte
3668,Télétravail
3669,Témoins
3670,Temps libre (ministère du)
3671,Temps partiel
3672,Termites
3673,Terre Adélie
3674,Terres
3675,Terres abandonnées ou incultes
3676,Terres agricoles
3677,Terrorisme
3678,Testaments
3679,Textile
3680,Thaïlande
3681,Thé
3682,Théâtre
3683,Thermalisme
3684,Thermodynamique
3685,Tibet
3686,Tiers-temps
3687,Tigray
3688,Timbre fiscal
3689,Timbres
3690,Timor
3691,Tisanes
3692,Tissage
3693,Tisserands
3694,Titres-vacances
3695,Titulaires
3696,Titularisation
3697,Togo
3698,Toulon
3699,Tour Eiffel
3700,Tourisme
3701,Tourisme (ministère du)
3702,Tourisme rural
3703,Toxicomanie
3704,Traçabilité
3705,Trains à grande vitesse (TGV)
3706,Traité d'Helsinki
3707,Traité de Rome
3708,Traitements et indemnités
3709,Traités et conventions
3710,Transactions
3711,Transmissions
3712,Transparence fiscale
3713,Transports
3714,Transports (ministère des)
3715,Transports aériens
3716,Transports en commun
3717,Transports ferroviaires
3718,Transports fluviaux
3719,Transports internationaux
3720,Transports maritimes
3721,Transports routiers
3722,Transports sanitaires
3723,Transports scolaires
3724,Transports terrestres
3725,Transports urbains
3726,Transsexuels
3727,Travail
3728,Travail (conditions de)
3729,Travail (durée du)
3730,Travail (ministère du)
3731,Travail à temps partiel
3732,Travail clandestin
3733,Travail de nuit
3734,Travail manuel
3735,Travail protégé
3736,Travail temporaire
3737,Travailleurs étrangers
3738,Travailleurs frontaliers
3739,Travailleurs indépendants
3740,Travailleurs non salariés
3741,Travailleurs saisonniers
3742,Travailleurs sociaux
3743,Travaux
3744,Travaux agricoles
3745,Travaux d'utilité collective (TUC)
3746,Trésor
3747,Trésor (direction du)
3748,Trésoriers-payeurs généraux (TPG)
3749,Tribunaux
3750,Tribunaux administratifs
3751,Tribunaux d'instance
3752,Tribunaux de commerce
3753,Tribunaux de grande instance
3754,Tribunaux des pensions
3755,Tribunaux judiciaires
3756,Tribunaux paritaires ruraux
3757,Truffes
3758,Truites
3759,Tuberculose
3760,Tulle
3761,Tunisie
3762,Tunnel
3763,Tunnel sous la Manche
3764,Tunnels
3765,Turquie
3766,Tutelle et curatelle
3767,TVA
3768,Ukraine
3769,Ultra légers motorisés (ULM)
3770,UNESCO
3771,Uniformes
3772,Union de l'Europe Occidentale (UEO)
3773,Union de recouvrement des cotisations de sécurité sociale et d'allocations familiales (URSSAF)
3774,Union des groupements d'achats publics (UGAP)
3775,Union des Républiques Socialistes Soviétiques (URSS)
3776,Union européenne
3777,Union libre
3778,Union nationale des associations familiales (UNAF)
3779,Union nationale pour l'emploi dans l'industrie et le commerce (UNEDIC)
3780,Union pour le recouvrement des cotisations de sécurité sociale et
3781,Unions départementales des allocations familiales (UDAF)
3782,Universités
3783,Uranium
3784,Urbanisme
3785,Urbanisme (ministère de l')
3786,Urbanisme commercial
3787,Urgences médicales
3788,URSSAF
3789,Uruguay
3790,Usagers
3791,Usines Ford
3792,Usufruit
3793,Usure
3794,Utilité publique
3795,Vacances
3796,Vacances scolaires
3797,Vacataires
3798,Vacations
3799,Vaccinations
3800,Valeur foncière
3801,Valeur locative
3802,Valeurs mobilières
3803,Vandalisme
3804,Vanuatu
3805,Véhicules
3806,Venezuela
3807,Venise
3808,Vente
3809,Vente par correspondance
3810,Ventes
3811,Ventes à domicile
3812,Ventes aux enchères
3813,Ventes de charité
3814,Verre
3815,Verreries
3816,Versailles
3817,Versement représentatif de la taxe sur les salaires (VRTS)
3818,Versement transport
3819,Vêtements
3820,Vétérinaires
3821,Veufs
3822,Veufs et veuves
3823,Veuvage
3824,Veuves
3825,Viande
3826,Viande hachée
3827,Vidéo-cassettes
3828,Vidéosurveillance
3829,Vidéothèques
3830,Vie politique
3831,Vie privée (atteinte à la)
3832,Vie sociale
3833,Viêt-nam
3834,Vignette automobile
3835,Vignette-moto
3836,Villages vacances familles (VVF)
3837,Ville (ministère de la)
3838,Villes
3839,Villes jumelées
3840,Villes moyennes
3841,Villes nouvelles
3842,Vincennes
3843,Vins
3844,Vins et spiritueux
3845,Violence
3846,Violences
3847,Visas
3848,Viticulture
3849,Vivisection
3850,Voies navigables
3851,Voile
3852,Voirie
3853,Volailles
3854,Volley-ball
3855,Volontariat
3856,Vols
3857,Vosges
3858,Vote par procuration
3859,Votes
3860,Voyages officiels
3861,"Voyageurs, représentants, placiers (VRP)"
3862,Vulcanologie
3863,Yémen
3864,Yougoslavie
3865,Zaïre
3866,Zimbabwe
3867,Zinc
3868,Zone d'éducation prioritaire (ZEP)
3869,Zone économique
3870,Zone franc
3871,Zones à urbaniser par priorité (ZUP)
3872,Zones agricoles
3873,Zones d'activité agricole
3874,Zones d'aménagement concerté (ZAC)
3875,Zones d'aménagement différé (ZAD)
3876,Zones d'éducation prioritaire (ZEP)
3877,Zones d'intervention foncière (ZIF)
3878,Zones de haute-montagne
3879,Zones de pêche
3880,Zones de Piémont
3881,Zones de reconversion
3882,Zones de rénovation rurale
3883,Zones de salaires
3884,Zones défavorisées
